code,name,district,sub_district,X,Y,type
D-BGR-001,PASAR CISEENG,BOGOR,CISEENG,106.6988833,-6.449233333,LBM
D-BGR-003,PD Market Tohaga,BOGOR,PARUNG,106.7295,-6.423566667,LBM
D-BGR-014,Pemerintah Desa Cipinang,BOGOR,RUMPIN,106.6488167,-6.458916667,LBM
D-BGR-015,PD Market Tohaga,BOGOR,RUMPIN,106.6481167,-6.4586,LBM
D-BGR-041,Ny. Mira,BOGOR,CIBINONG,106.8230333,-6.46915,LBM
D-BGR-043,PASAR LALADON,BOGOR,CIOMAS,106.7521833,-6.575983333,LBM
D-BGR-051,Market Agency,BOGOR,JONGGOL,107.06585,-6.465416667,LBM
D-BGR-055,Village Officer,BOGOR,JONGGOL,107.06585,-6.465416667,LBM
D-BGR-068,Endam,BOGOR,TANJUNGSARI,107.1450833,-6.5964,LBM
D-BGR-075,Kardi,BOGOR,SUKAMAKMUR,106.9980833,-6.563233333,LBM
D-BGR-080,PASAR PARUNG PANJANG LAMA,BOGOR,PARUNG PANJANG,106.5684333,-6.343733333,LBM
D-BGR-081,Doni Jamira,BOGOR,SUKARAJA,106.8403588,-6.579949947,LBM
D-BGR-082,Bastian Lauws,BOGOR,BABAKAN MADANG,106.9015992,-6.5915813,LBM
D-BGR-083,Mursid,BOGOR,TAJURHALANG,106.7562167,-6.48085,LBM
D-BGR-084,Samidi,BOGOR,TAJURHALANG,106.7738333,-6.487766667,LBM
D-BGR-107,PASAR CITAYAM,BOGOR,BOJONG GEDE,106.7986167,-6.451033333,LBM
D-BGR-108,PASAR BOJONG GEDE,BOGOR,BOJONG GEDE,106.79525,-6.489683333,LBM
D-BGR-128,H. Agus Sujana/Heri,BOGOR,GUNUNG PUTRI,106.9375833,-6.416366667,LBM
D-BGR-133,Wanda Suwanda,BOGOR,CILEUNGSI,106.9631,-6.407883333,LBM
D-BGR-135,Cahyono Budi S,BOGOR,CITEUREUP,106.8822667,-6.48755,LBM
D-BGR-136,Irwansyah,BOGOR,CITEUREUP,106.8834667,-6.4862,LBM
D-BGR-139,Caringin Market,BOGOR,CIAWI,106.8714667,-6.682016667,LBM
D-BGR-160,Village Office,BOGOR,CARINGIN,106.8452,-6.690983333,LBM
D-BGR-161,Village Office,BOGOR,CARINGIN,106.8218333,-6.705616667,LBM
D-BGR-166,Market Cigombong,BOGOR,CIGOMBONG,106.7979833,-6.748083333,LBM
D-BGR-174,M. Rahmat,BOGOR,CIBUNGBULANG,106.6596833,-6.62175,LBM
D-BGR-175,Adung,BOGOR,PAMIJAHAN,106.6676667,-6.605766667,LBM
D-BGR-176,Wahyu Irawan,BOGOR,PAMIJAHAN,106.67105,-6.607266667,LBM
D-BGR-177,Sri Wahyuni,BOGOR,PAMIJAHAN,106.65165,-6.644216667,LBM
D-BGR-178,Uun Gunawan,BOGOR,PAMIJAHAN,106.6796333,-6.607266667,LBM
D-BGR-179,Maman Firmansyah,BOGOR,PAMIJAHAN,106.6487667,-6.6857,LBM
D-BGR-180,Wahyu Irawan,BOGOR,PAMIJAHAN,106.6796333,-6.6348,LBM
D-BGR-182,PASAR LEUWILIANG,BOGOR,LEUWILIANG,106.6327333,-6.572816667,LBM
D-BGR-183,PASAR GUNUNG BUNDER 2,BOGOR,PAMIJAHAN,106.6867,-6.66635,LBM
D-BGR-184,PASAR NANGGUNG,BOGOR,NANGGUNG,106.5396833,-6.6048,LBM
D-BGR-185,PD. Market Tohaga,BOGOR,CIGUDEG,106.5973833,-6.441783333,LBM
D-BGR-187,Pasar Cigudeg,BOGOR,CIGUDEG,106.5973833,-6.441783333,LBM
D-BGR-189,PASAR PARUNG PANJANG BARU,BOGOR,PARUNG PANJANG,106.5684333,-6.343733333,LBM
D-BGR-192,PASAR REBO BOJONG TENJO,BOGOR,TENJO,106.4376167,-6.375716667,LBM
D-BGR-193,PD. Market Tohaga,BOGOR,JASINGA,106.4641167,-6.48145,LBM
D-BGR-201,PASAR CITEKO CISARUA,BOGOR,CISARUA,106.9273,-6.6819,LBM
D-BGR-202,Sukawanah,BOGOR,MEGAMENDUNG,106.89925,-6.688216667,LBM
D-BGR-203,PASAR CIAMPEA,BOGOR,CIAMPEA,106.6982528,-6.574047734,LBM
D-BGR-204,PASAR CIAWI,BOGOR,CIAWI,106.8937457,-6.70953511,LBM
D-BGR-205,PASAR DRAMAGA,BOGOR,DRAMAGA,106.729951,-6.588788581,LBM
D-BKS-001,Market Agency,BEKASI,CIKARANG BARAT,107.0454167,-6.335883333,LBM
D-BKS-002,PASAR SERANG,BEKASI,CIKARANG SELATAN,107.11855,-6.359666667,LBM
D-BKS-005,PASAR CIKARANG,BEKASI,CIKARANG UTARA,107.06275,-6.2566,LBM
D-BKS-007,Market Agency,BEKASI,SETU,107.0371667,-6.380933333,LBM
D-BKS-008,Market Agency,BEKASI,BABELAN,107.0453333,-6.165583333,LBM
D-BKS-018,PASAR SETIADARMA,BEKASI,TAMBUN SELATAN,107.0552667,-6.2606,LBM
D-BKS-019,PASAR MANGUNJAYA,BEKASI,TAMBUN SELATAN,107.0629833,-6.2444,LBM
D-BKS-022,Market Agency,BEKASI,TAMBUN SELATAN,107.0435833,-6.241833333,LBM
D-BKS-034,PASAR SENTRAL,BEKASI,CIKARANG SELATAN,107.1342,-6.376716667,LBM
D-BKS-035,Pasar Bojong,BEKASI,KEDUNGWARINGIN,107.2663667,-6.27275,LBM
D-BKS-036,PASAR LEMAH ABANG,BEKASI,CIKARANG UTARA,107.2321833,-6.306333333,LBM
D-BKS-037,Pasar Pasir Kupang,BEKASI,SERANG BARU,107.1535667,-6.416366667,LBM
D-BKS-038,Pasar Cibenda,BEKASI,SERANG BARU,107.1307,-6.401783333,LBM
D-BKS-039,Pasar Cibarusah,BEKASI,CIBARUSAH,107.0748333,-6.43725,LBM
D-BKS-040,PASAR TEGAL DANAS,BEKASI,CIKARANG PUSAT,107.1813333,-6.32325,LBM
D-BKS-041,Pasar Sukatani,BEKASI,SUKATANI,107.1763333,-6.155733333,LBM
D-BKS-042,Pasar Elok Cikarang,BEKASI,CIKARANG UTARA,107.1555408,-6.275284087,LBM
D-TGR-001,PASAR PANGKALAN,TANGERANG,TELUKNAGA,106.6404333,-6.059166667,LBM
D-TGR-010,PASAR JOMBANG,KOTA TANGERANG SELATAN,CIPUTAT,106.7071,-6.290983333,LBM
D-TGR-012,Market Officer,KOTA TANGERANG SELATAN,CIPUTAT,106.7462333,-6.324383333,LBM
D-TGR-015,PASAR CIPUTAT,KOTA TANGERANG SELATAN,CIPUTAT,106.7464167,-6.312483333,LBM
D-TGR-017,Rahman,KOTA TANGERANG SELATAN,CIPUTAT,106.7071,-6.290983333,LBM
D-TGR-027,PASAR CEGER,KOTA TANGERANG SELATAN,PONDOK AREN,106.6884,-6.271166667,LBM
D-TGR-030,PASAR KELAPA DUA,TANGERANG,KELAPA DUA,106.6098514,-6.242163736,LBM
D-TGR-034,PASAR SEPATAN,TANGERANG,SEPATAN,106.5739833,-6.11995,LBM
D-TGR-037,Ade/Dede Jai,TANGERANG,SEPATAN,106.5737833,-6.117283333,LBM
D-TGR-044,PASAR CIKUPA,TANGERANG,CIKUPA,106.5196833,-6.222416667,LBM
D-TGR-046,Aspuri,TANGERANG,CIKUPA,106.52005,-6.2303,LBM
D-TGR-047,Aman,TANGERANG,CIKUPA,106.5196333,-6.230883333,LBM
D-TGR-048,Rabis,TANGERANG,CIKUPA,106.5195667,-6.230766667,LBM
D-TGR-049,Usen,TANGERANG,CIKUPA,106.5196833,-6.2308,LBM
D-TGR-052,Iwan,TANGERANG,CIKUPA,106.5200833,-6.23035,LBM
D-TGR-053,PASAR BANTENG,TANGERANG,KOSAMBI,106.6918667,-6.09105,LBM
D-TGR-057,Saiful,TANGERANG,KOSAMBI,106.6918667,-6.09105,LBM
D-TGR-058,Rojak,TANGERANG,KOSAMBI,106.6915667,-6.0912,LBM
D-TGR-059,PASAR CURUG,TANGERANG,CURUG,106.5548167,-6.257733333,LBM
D-TGR-064,PASAR GUDANG,TANGERANG,TIGARAKSA,106.4672167,-6.267933333,LBM
D-TGR-072,Market Officer,KOTA TANGERANG SELATAN,SERPONG,106.6639333,-6.320616667,LBM
D-TGR-073,PASAR MODERN BSD,KOTA TANGERANG SELATAN,SERPONG,106.6853,-6.30535,LBM
D-TGR-074,H. Ayub,TANGERANG,BALARAJA,106.4170167,-6.302133333,LBM
D-TGR-075,Sidin,TANGERANG,JAYANTI,106.4169833,-6.3021,LBM
D-TGR-076,Sura,TANGERANG,BALARAJA,106.44865,-6.17965,LBM
D-TGR-077,H. Rais,TANGERANG,SUKAMULYA,106.4315167,-6.17965,LBM
D-TGR-078,PASAR SENTIONG,TANGERANG,BALARAJA,106.4818667,-6.179616667,LBM
D-TGR-082,Darmono,KOTA TANGERANG SELATAN,PAMULANG,106.7120333,-6.323916667,LBM
D-TGR-083,Dayat,KOTA TANGERANG SELATAN,PAMULANG,106.7144333,-6.334316667,LBM
D-TGR-086,Supriyono,KOTA TANGERANG SELATAN,PAMULANG,106.74055,-6.349666667,LBM
D-TGR-087,Eko,KOTA TANGERANG SELATAN,PAMULANG,106.74055,-6.349666667,LBM
D-TGR-088,Market Officer,KOTA TANGERANG SELATAN,PAMULANG,106.71165,-6.324783333,LBM
D-TGR-089,Romli,KOTA TANGERANG SELATAN,PAMULANG,106.71165,-6.324783333,LBM
D-TGR-090,PASAR KUTA BUMI,TANGERANG,PASARKEMIS,106.5691833,-6.158066667,LBM
D-TGR-091,Pasar Bukit,KOTA TANGERANG SELATAN,CIPUTAT,106.7146167,-6.316383333,LBM
D-TGR-092,PASAR BINONG,TANGERANG,CURUG,106.5819333,-6.2501,LBM
D-TGR-093,Pasar Ruko Pamulang,KOTA TANGERANG SELATAN,PAMULANG,106.73465,-6.343133333,LBM
D-TGR-094,PASAR LEGOK,TANGERANG,LEGOK,106.58825,-6.298416667,LBM
D-TGR-095,pasar City Market,TANGERANG,PANONGAN,106.63425,-6.241366667,LBM
D-TGR-096,PASAR BONANG,TANGERANG,KELAPA DUA,106.6098514,-6.242163736,LBM
D-TGR-097,Bayam,TANGERANG,KELAPA DUA,106.6098514,-6.242163736,LBM
D-TGR-098,Mawar Mandiri,TANGERANG,CURUG,106.5661556,-6.24240128,LBM
D-TGR-099,Kemis,TANGERANG,SINDANG JAYA,106.4993005,-6.169561503,LBM
D-TGR-100,Puri,TANGERANG,TELUKNAGA,106.6596501,-6.051626995,LBM
D-TGR-101,Korelet,TANGERANG,PANONGAN,106.5261997,-6.27874043,LBM
D-TGR-102,Kronjo,TANGERANG,KRONJO,106.4285407,-6.070622301,LBM
D-TGR-103,Medang,TANGERANG,PAGEDANGAN,106.6174685,-6.297461985,LBM
D-TGR-104,Cisoka,TANGERANG,CISOKA,106.4166909,-6.25975498,LBM
D-TGR-105,Daon,TANGERANG,RAJEG,106.5102675,-6.116067473,LBM
D-TGR-106,Solear,TANGERANG,SOLEAR,106.4216948,-6.307318599,LBM
D-TGR-107,Kresek,TANGERANG,KRESEK,106.4037441,-6.144135767,LBM
D-TGR-108,Tapos,TANGERANG,TIGARAKSA,106.4672718,-6.265799785,LBM
D-TGR-109,Pasir Jaya,TANGERANG,CIKUPA,106.5162132,-6.21790219,LBM
D-TGR-110,Sinpansa,TANGERANG,KELAPA DUA,106.6098514,-6.242163736,LBM
D-TGR-111,Paramount,TANGERANG,KELAPA DUA,106.6098514,-6.242163736,LBM
D-TGR-112,Mutiara,TANGERANG,KELAPA DUA,106.6098514,-6.242163736,LBM
D-TGR-113,Pasar Jayanti,TANGERANG,JAYANTI,106.397186,-6.205878832,LBM
D-TGR-114,Pasar Mauk,TANGERANG,MAUK,106.5192433,-6.05630345,LBM
D-TGR-115,Pasar Karang Jetak,TANGERANG,,106.5186266,-6.174269731,LBM
D-TGR-116,Pasar Cayur,TANGERANG,,106.5186266,-6.174269731,LBM
D-TGR-117,Pasar Mekar Baru,TANGERANG,,106.5186266,-6.174269731,LBM
D-TGR-200,Pasar Delapan Alam Sutera,TANGERANG,,106.5186266,-6.174269731,LBM
D-TGR-201,Pasar Bintaro II,TANGERANG,,106.5186266,-6.174269731,LBM
D-TGR-202,Pasar Mini Pertamina,TANGERANG,,106.5186266,-6.174269731,LBM
D-TGR-203,Pasar Kita,TANGERANG,,106.5186266,-6.174269731,LBM
M-BGR-001,PASAR GUNUNG BATU,KOTA BOGOR,KOTA BOGOR BARAT,106.7655424,-6.573271749,LBM
M-BGR-002,PASAR KEBON KEMBANG,KOTA BOGOR,KOTA BOGOR TENGAH,106.7980996,-6.593767797,LBM
M-BGR-003,PASAR BARU BOGOR,KOTA BOGOR,KOTA BOGOR TENGAH,106.7980996,-6.593767797,LBM
M-BGR-004,PASAR GUNUNG BATU,KOTA BOGOR,KOTA BOGOR BARAT,106.77815,-6.5944,LBM
M-BGR-005,PASAR KEBON KEMBANG,KOTA BOGOR,KOTA BOGOR TENGAH,106.7914833,-6.5926,LBM
M-BGR-006,Pasar Bale Kambang,KOTA BOGOR,KOTA BOGOR SELATAN,106.8087667,-6.622183333,LBM
M-BGR-007,H. Ahmad,KOTA BOGOR,KOTA BOGOR SELATAN,106.8010333,-6.603633333,LBM
M-BKS-001,SUMBER ARTHA,KOTA BEKASI,BEKASI BARAT,106.9627885,-6.233617281,LBM
M-BKS-002,KOLONG,KOTA BEKASI,MEDAN SATRIA,106.9822142,-6.197577934,LBM
M-BKS-003,JATIASIH,KOTA BEKASI,JATIASIH,106.9523907,-6.30733872,LBM
M-BKS-004,BANTAR GEBANG,KOTA BEKASI,BANTARGEBANG,106.9913653,-6.33892597,LBM
M-BKS-005,RAWALUMBU,KOTA BEKASI,RAWALUMBU,106.9239,-6.365233333,LBM
M-BKS-006,BARU BEKASI,KOTA BEKASI,BEKASI TIMUR,106.9239,-6.365233333,LBM
M-BKS-007,JAMBLANG,KOTA BEKASI,BEKASI SELATAN,106.9239,-6.365233333,LBM
M-BKS-018,PASAR JATIASIH,KOTA BEKASI,JATIASIH,106.96615,-6.291383333,LBM
M-BKS-022,Kranji Market,KOTA BEKASI,BEKASI BARAT,106.9673,-6.23435,LBM
M-BKS-023,PASAR SUMBER ARTHA,KOTA BEKASI,BEKASI BARAT,106.94385,-6.248716667,LBM
M-BKS-024,Village Market Management,KOTA BEKASI,BEKASI BARAT,106.9516167,-6.219533333,LBM
M-BKS-027,PASAR OMAN,KOTA BEKASI,MEDAN SATRIA,106.9913167,-6.166916667,LBM
M-BKS-029,PASAR LURAH 05 KOLONG,KOTA BEKASI,MEDAN SATRIA,106.9759167,-6.2219,LBM
M-BKS-030,Pasar Kaget Pratama,KOTA BEKASI,MEDAN SATRIA,106.9902333,-6.18955,LBM
M-BKS-031,Pasar Raya Bungur,KOTA BEKASI,MEDAN SATRIA,106.9910167,-6.197433333,LBM
M-BKS-032,Pasar Kaget Timbul,KOTA BEKASI,MEDAN SATRIA,106.98805,-6.228333333,LBM
M-BKS-033,Pasar Zamrud,KOTA BEKASI,MUSTIKA JAYA,107.01695,-6.307033333,LBM
M-BKS-036,Lurah Mustikajaya,KOTA BEKASI,MUSTIKA JAYA,107.02735,-6.285783333,LBM
M-BKS-037,Pasar Pondok Timur Indah,KOTA BEKASI,MUSTIKA JAYA,107.0164833,-6.290083333,LBM
M-BKS-039,PASAR BANTAR GEBANG,KOTA BEKASI,BANTARGEBANG,106.9873,-6.31285,LBM
M-BKS-048,Lurah Bambu Kuning,KOTA BEKASI,BEKASI SELATAN,106.9879,-6.264333333,LBM
M-BKS-049,Lurah Poncol Baru,KOTA BEKASI,BEKASI SELATAN,106.98475,-6.237916667,LBM
M-BKS-050,Lurah Mujaer,KOTA BEKASI,BEKASI SELATAN,106.9805,-6.236483333,LBM
M-BKS-053,M. Marsim,KOTA BEKASI,BEKASI UTARA,107.01675,-6.175333333,LBM
M-BKS-059,PASAR BARU BEKASI,KOTA BEKASI,BEKASI TIMUR,107.0145167,-6.247966667,LBM
M-BKS-062,Pasar Kaget Margahayu,KOTA BEKASI,BEKASI TIMUR,107.0145,-6.25415,LBM
M-BKS-074,PASAR RAWALUMBU,KOTA BEKASI,RAWALUMBU,107.0026333,-6.27155,LBM
M-BKS-076,PASAR PONDOK GEDE,KOTA BEKASI,PONDOKGEDE,106.99455,-6.23685,LBM
M-BKS-077,Pasar Pagi Pekayon,KOTA BEKASI,BEKASI SELATAN,106.9781167,-6.26,LBM
M-BKS-079,Pasar Pedurenan Baru,KOTA BEKASI,MUSTIKA JAYA,107.0161908,-6.307127064,LBM
M-BKS-080,PASAR JAMBLANG,KOTA BEKASI,BEKASI SELATAN,106.9776484,-6.258056534,LBM
M-DPK-001,PASAR DEPOK JAYA,KOTA DEPOK,PANCORAN MAS,106.8142167,-6.392016667,LBM
M-DPK-002,Market Agency,KOTA DEPOK,PANCORAN MAS,106.8182667,-6.399966667,LBM
M-DPK-004,PASAR RENI JAYA,KOTA DEPOK,BOJONGSARI,106.7264167,-6.362883333,LBM
M-DPK-006,Wiwi Wirahmi,KOTA DEPOK,SUKMA JAYA,106.8453,-6.391783333,LBM
M-DPK-007,PASAR MUSI,KOTA DEPOK,SUKMA JAYA,106.8480667,-6.38945,LBM
M-DPK-009,H. Deden,KOTA DEPOK,SUKMA JAYA,106.8286833,-6.445566667,LBM
M-DPK-010,Drs. DJ. Galingging,KOTA DEPOK,CIMANGGIS,106.8681167,-6.377416667,LBM
M-DPK-013,PASAR SUKATANI,KOTA DEPOK,TAPOS,106.8896,-6.386766667,LBM
M-DPK-015,Sujarno,KOTA DEPOK,BEJI,106.8250167,-6.386333333,LBM
M-DPK-018,Pasar Pasir Gunung Selatan,KOTA DEPOK,CIMANGGIS,106.8589333,-6.357683333,LBM
M-DPK-019,Pasar Segar Depok,KOTA DEPOK,PANCORAN MAS,106.7998496,-6.398606262,LBM
M-JKB-011,PASAR GANEFO,JAKARTA BARAT,CENGKARENG,106.7216333,-6.149683333,LBM
M-JKB-018,Benyamin Manik,JAKARTA BARAT,TAMBORA,106.792,-6.1432,LBM
M-JKB-019,Sunardi,JAKARTA BARAT,TAMBORA,106.8068,-6.1448,LBM
M-JKB-020,Martono,JAKARTA BARAT,TAMBORA,106.80185,-6.156883333,LBM
M-JKB-021,PASAR JEMBATAN BESI,JAKARTA BARAT,TAMBORA,106.7971,-6.15085,LBM
M-JKB-024,Drs. Sayuti,JAKARTA BARAT,PALMERAH,106.7954667,-6.189733333,LBM
M-JKB-025,Mansyur,JAKARTA BARAT,KEMBANGAN,106.76555,-6.148833333,LBM
M-JKB-028,"Sugeng Purnomo, SH",JAKARTA BARAT,KEBON JERUK,106.7645167,-6.163883333,LBM
M-JKB-029,PASAR JELAMBAR,JAKARTA BARAT,GROGOL PETAMBURAN,106.7791667,-6.159883333,LBM
M-JKB-033,Pasar Jelambar,JAKARTA BARAT,GROGOL PETAMBURAN,106.779,-6.1606,LBM
M-JKB-034,Pasar Cengkareng,JAKARTA BARAT,CENGKARENG,106.7288667,-6.15205,LBM
M-JKB-035,PD Slipi,JAKARTA BARAT,PALMERAH,106.7955833,-6.190216667,LBM
M-JKP-001,PASAR PETOJO ILIR,JAKARTA PUSAT,GAMBIR,106.8121167,-6.1623,LBM
M-JKP-003,PASAR RAWASARI,JAKARTA PUSAT,CEMPAKA PUTIH,106.8726,-6.185166667,LBM
M-JKP-004,PD. Pasar Jaya,JAKARTA PUSAT,CEMPAKA PUTIH,106.8582833,-6.174533333,LBM
M-JKP-011,PASAR GEMBRONG LAMA,JAKARTA PUSAT,JOHAR BARU,106.85505,-6.178166667,LBM
M-JKP-012,PASAR JOHAR BARU,JAKARTA PUSAT,JOHAR BARU,106.85575,-6.18555,LBM
M-JKP-019,PD. Pasar Jaya,JAKARTA PUSAT,SENEN,106.8428333,-6.17515,LBM
M-JKP-023,PD. Pasar Jaya,JAKARTA PUSAT,KEMAYORAN,106.96435,-6.165016667,LBM
M-JKP-024,PASAR SERDANG,JAKARTA PUSAT,KEMAYORAN,106.8639667,-6.156833333,LBM
M-JKP-025,Pasar Cikini,JAKARTA PUSAT,MENTENG,106.8417833,-6.197783333,LBM
M-JKP-026,Pasar Gondangdia,JAKARTA PUSAT,MENTENG,106.8326,-6.186383333,LBM
M-JKP-027,H. Ahmad,JAKARTA PUSAT,TANAH ABANG,106.8153,-6.2162,LBM
M-JKP-028,Pasar Palm Merah,JAKARTA PUSAT,TANAH ABANG,106.7957,-6.208883333,LBM
M-JKP-029,Tolani dan Ali,JAKARTA PUSAT,TANAH ABANG,106.7965667,-6.2076,LBM
M-JKP-030,Pasar Kebon Jati Tanah Abang,JAKARTA PUSAT,TANAH ABANG,106.8119,-6.189266667,LBM
M-JKP-031,Pasar Kebon Melati,JAKARTA PUSAT,TANAH ABANG,106.8123667,-6.19305,LBM
M-JKP-032,PASAR TIMBUL KARTINI,JAKARTA PUSAT,SAWAH BESAR,106.8306333,-6.15135,LBM
M-JKP-033,Pasar Atom,JAKARTA PUSAT,SAWAH BESAR,106.8332349,-6.153836177,LBM
M-JKP-034,Ps. Pangkalan Asem,JAKARTA PUSAT,SAWAH BESAR,106.8332349,-6.153836177,LBM
M-JKP-035,Pasar Karang Anyar,JAKARTA PUSAT,SAWAH BESAR,106.8284333,-6.156366667,LBM
M-JKP-036,Ps Pulau Gundul,JAKARTA PUSAT,JOHAR BARU,106.8545403,-6.182123793,LBM
M-JKS-002,Suparno,JAKARTA SELATAN,KEBAYORAN LAMA,106.7815333,-6.2389,LBM
M-JKS-006,Kasman Panjaitan,JAKARTA SELATAN,JAGAKARSA,106.6831,-6.3311,LBM
M-JKS-022,PASAR MINGGU,JAKARTA SELATAN,PASAR MINGGU,106.8434167,-6.284466667,LBM
M-JKS-025,Mat Salam,JAKARTA SELATAN,KEBAYORAN LAMA,106.8406667,-6.207866667,LBM
M-JKS-026,PASAR WARUNG BUNCIT,JAKARTA SELATAN,MAMPANG PRAPATAN,106.82405,-6.254883333,LBM
M-JKS-027,PASAR MAMPANG PRAPATAN,JAKARTA SELATAN,MAMPANG PRAPATAN,106.8250167,-6.241333333,LBM
M-JKS-028,PASAR BLOK A,JAKARTA SELATAN,KEBAYORAN BARU,106.7937,-6.312266667,LBM
M-JKS-029,PD. Pasar Jaya,JAKARTA SELATAN,CILANDAK,106.8081333,-6.278583333,LBM
M-JKS-030,PASAR MEDE,JAKARTA SELATAN,CILANDAK,106.7952833,-6.286866667,LBM
M-JKS-031,PASAR ALFA,JAKARTA SELATAN,PESANGGRAHAN,106.7545333,-6.226866667,LBM
M-JKS-032,Thoyib,JAKARTA SELATAN,PESANGGRAHAN,106.7579,-6.237616667,LBM
M-JKS-033,PASAR MAYESTIK,JAKARTA SELATAN,KEBAYORAN BARU,106.7910167,-6.241533333,LBM
M-JKS-034,Pasar Pondok Labu,JAKARTA SELATAN,CILANDAK,106.7910167,-6.241533333,LBM
M-JKS-036,PASAR KEBAYORAN LAMA,JAKARTA SELATAN,KEBAYORAN LAMA,106.7819833,-6.237866667,LBM
M-JKS-038,Ps. Radio Dalam,JAKARTA SELATAN,KEBAYORAN BARU,106.801412,-6.244751109,LBM
M-JKS-039,Ps. Cipete,JAKARTA SELATAN,KEBAYORAN BARU,106.801412,-6.244751109,LBM
M-JKT-019,Ps. Perumnas Klender,JAKARTA TIMUR,DUREN SAWIT,106.9204169,-6.232474436,LBM
M-JKT-050,PD. Pasar Jaya,JAKARTA TIMUR,MATRAMAN,106.8610833,-6.205066667,LBM
M-JKT-074,PASAR KLENDER,JAKARTA TIMUR,CAKUNG,106.9013333,-6.2123,LBM
M-JKT-087,Market Agency,JAKARTA TIMUR,CAKUNG,106.9664833,-6.1901,LBM
M-JKT-091,PASAR PJKA LOKOMOTIF,JAKARTA TIMUR,JATINEGARA,106.8674333,-6.21545,LBM
M-JKT-092,PD. Pasar Jaya,JAKARTA TIMUR,JATINEGARA,106.8812167,-6.236033333,LBM
M-JKT-093,PASAR JATINEGARA,JAKARTA TIMUR,JATINEGARA,106.8652,-6.216916667,LBM
M-JKT-100,H. Dalih,JAKARTA TIMUR,CIPAYUNG,106.8922833,-6.350683333,LBM
M-JKT-113,PASAR KRAMAT JATI,JAKARTA TIMUR,KRAMAT JATI,106.8677833,-6.268033333,LBM
M-JKT-115,PASAR CIJANTUNG,JAKARTA TIMUR,PASAR REBO,106.8634833,-6.30765,LBM
M-JKT-117,PD. Pasar Jaya Ciracas,JAKARTA TIMUR,CIRACAS,106.8783116,-6.333634584,LBM
M-JKT-118,PD. Pasar Jaya Cibubur,JAKARTA TIMUR,CIRACAS,106.8783116,-6.333634584,LBM
M-JKT-120,Ps. Jaya Rawamangun,JAKARTA TIMUR,PULO GADUNG,106.8889122,-6.193299382,LBM
M-JKT-121,Ps Klender SS,JAKARTA TIMUR,CAKUNG,106.9403369,-6.188741675,LBM
M-JKT-122,Ps Enjo,JAKARTA TIMUR,PULO GADUNG,106.8889122,-6.193299382,LBM
M-JKT-123,Ps Pulogadung,JAKARTA TIMUR,PULO GADUNG,106.8889122,-6.193299382,LBM
M-JKT-124,Ps Ampela,JAKARTA TIMUR,PULO GADUNG,106.8889122,-6.193299382,LBM
M-JKU-007,PASAR SARANG BANGO,JAKARTA UTARA,CILINCING,106.9478167,-6.110033333,LBM
M-JKU-009,PD. Pasar Jaya,JAKARTA UTARA,CILINCING,106.9274167,-6.102283333,LBM
M-JKU-010,PASAR SUKAPURA,JAKARTA UTARA,CILINCING,106.92225,-6.14095,LBM
M-JKU-012,Warakas Market,JAKARTA UTARA,TANJUNG PRIOK,106.87985,-6.114833333,LBM
M-JKU-013,Rawa Badak Market,JAKARTA UTARA,KOJA,106.8953,-6.115233333,LBM
M-JKU-014,Ps.Waru,JAKARTA UTARA,KOJA,106.9048773,-6.121113345,LBM
M-JKU-015,PASAR TUGU,JAKARTA UTARA,KOJA,106.91715,-6.126733333,LBM
M-JKU-016,PASAR KOJA BARU,JAKARTA UTARA,KOJA,106.9157333,-6.12105,LBM
M-JKU-017,PASAR LONTAR,JAKARTA UTARA,KOJA,106.9106667,-6.119066667,LBM
M-JKU-018,PASAR TELUK GONG,JAKARTA UTARA,PENJARINGAN,106.7821333,-6.1381,LBM
M-JKU-019,PASAR KELAPA GADING,JAKARTA UTARA,KELAPA GADING,106.90635,-6.175366667,LBM
M-JKU-020,Suyatmi,JAKARTA UTARA,KELAPA GADING,106.9035302,-6.160768472,LBM
M-JKU-023,Ps. Raga Sakti Warakas,JAKARTA UTARA,TANJUNG PRIOK,106.8749001,-6.132077397,LBM
M-JKU-024,Ps. Mandiri Kelapa Gading,JAKARTA UTARA,KELAPA GADING,106.9035302,-6.160768472,LBM
M-JKU-025,Ps. Bebek Marunda,JAKARTA UTARA,CILINCING,106.9437635,-6.126807791,LBM
M-JKU-026,Ps Lokbin Malaka,JAKARTA UTARA,CILINCING,106.9437635,-6.126807791,LBM
M-JKU-027,Ps K5. Bendungan Melayu,JAKARTA UTARA,KOJA,106.9048773,-6.121113345,LBM
M-JKU-028,Ps Suangi Bambu,JAKARTA UTARA,TANJUNG PRIOK,106.8749001,-6.132077397,LBM
M-JKU-029,Ps. Sunter,JAKARTA UTARA,TANJUNG PRIOK,106.8749001,-6.132077397,LBM
M-JKU-030,Ps Pademangan Timur,JAKARTA UTARA,PADEMANGAN,106.8373335,-6.129512122,LBM
M-JKU-031,Ps. K5 Hybrida,JAKARTA UTARA,KELAPA GADING,106.9035302,-6.160768472,LBM
M-JKU-032,PS Pademangan Barat,JAKARTA UTARA,PADEMANGAN,106.8373335,-6.129512122,LBM
M-JKU-033,Ps Pluit,JAKARTA UTARA,PENJARINGAN,106.7665319,-6.118124313,LBM
M-TGR-004,Perusahaan Swasta,KOTA TANGERANG,CIPONDOH,106.66455,-6.175133333,LBM
M-TGR-005,PASAR PORTAL (GONDRONG),KOTA TANGERANG,CIPONDOH,106.6940167,-6.198166667,LBM
M-TGR-006,PASAR NYAMUK (CIPONDOH MAKMUR),KOTA TANGERANG,CIPONDOH,106.6839,-6.1765,LBM
M-TGR-007,Aziz,KOTA TANGERANG,CIPONDOH,106.68525,-6.176166667,LBM
M-TGR-008,Camat Setempat,KOTA TANGERANG,CIPONDOH,106.7113833,-6.1877,LBM
M-TGR-009,PASAR KAMPUNG GUNUNG,KOTA TANGERANG,CIPONDOH,106.6765,-6.185216667,LBM
M-TGR-010,PASAR ANYAR,KOTA TANGERANG,TANGERANG,106.6345,-6.17665,LBM
M-TGR-011,PASAR LAMA,KOTA TANGERANG,TANGERANG,106.6297667,-6.1783,LBM
M-TGR-035,PASAR SUKAJADI,KOTA TANGERANG,KARAWACI,106.6265333,-6.179,LBM
M-TGR-039,Sucipto,KOTA TANGERANG,JATI UWUNG,106.5864333,-6.1839,LBM
M-TGR-040,Sarmin,KOTA TANGERANG,JATI UWUNG,106.5754167,-6.20615,LBM
M-TGR-042,PASAR MALABAR,KOTA TANGERANG,CIBODAS,106.6098667,-6.208633333,LBM
M-TGR-043,Mugem Al Karim,KOTA TANGERANG,KARANG TENGAH,106.6962833,-6.2043,LBM
M-TGR-053,PASAR SARASWATI,KOTA TANGERANG,CILEDUG,106.70875,-6.224966667,LBM
M-TGR-056,Lurah,KOTA TANGERANG,PERIUK,106.5966167,-6.152233333,LBM
M-TGR-057,PASAR SANGIANG,KOTA TANGERANG,PERIUK,106.5921667,-6.1851,LBM
M-TGR-058,Sutar,KOTA TANGERANG,PERIUK,106.5868167,-6.170433333,LBM
M-TGR-059,Ketek(Village Market),KOTA TANGERANG,NEGLASARI,106.6312667,-6.159716667,LBM
M-TGR-065,Pasar Ramadhani,KOTA TANGERANG,KARAWACI,106.6184333,-6.17,LBM
M-TGR-066,Pasar Bengkok,KOTA TANGERANG,PINANG,106.6869667,-6.221833333,LBM
M-TGR-067,Pasar Ampera,KOTA TANGERANG,BATUCEPER,106.676,-6.163233333,LBM
M-TGR-068,Pasar Mandiri,KOTA TANGERANG,CIPONDOH,106.6852,-6.176366667,LBM
M-TGR-069,Pasar Bandeng,KOTA TANGERANG,KARAWACI,106.6143167,-6.20035,LBM
M-TGR-070,pasar lembang,KOTA TANGERANG,CILEDUG,106.7056333,-6.23885,LBM
M-TGR-071,pasar jatibaru,KOTA TANGERANG,JATI UWUNG,106.575282,-6.198013943,LBM
M-TGR-072,Pasar Taman Cibodas,KOTA TANGERANG,PERIUK,106.5942805,-6.167456353,LBM
M-TGR-073,Pasar Babakan,KOTA TANGERANG,TANGERANG,106.6407461,-6.189195115,LBM
D-BGR-002,DENY (ID LAMA:ALLOY),BOGOR,CISEENG,106.69505,-6.434967,CY
D-BGR-004,BAPAK TOTO,BOGOR,PARUNG,106.696033,-6.437167,CY
D-BGR-005,Cahaya farm,BOGOR,PARUNG,106.694467,-6.431183,CY
D-BGR-006,BERDIKARI FARM,BOGOR,KEMANG,107.2483549,-6.250873707,CY
D-BGR-007,RPA PERKASA JAYA,BOGOR,KEMANG,107.2483549,-6.250873707,CY
D-BGR-008,FARM BAPAK ARDA,BOGOR,KEMANG,107.2483549,-6.250873707,CY
D-BGR-009,PDM FARM,BOGOR,KEMANG,107.2483549,-6.250873707,CY
D-BGR-010,BRAVO,BOGOR,KEMANG,107.2483549,-6.250873707,CY
D-BGR-011,Pak samad,BOGOR,GUNUNG SINDUR,106.6824,-6.406967,CY
D-BGR-012,DADANG Ps,BOGOR,GUNUNG SINDUR,106.721717,-6.3927,CY
D-BGR-013,,BOGOR,GUNUNG SINDUR,106.808583,-6.469467,CY
D-BGR-016,YASIR,BOGOR,CIBINONG,106.841533,-6.480017,CY
D-BGR-017,MARET DWI JANTA,BOGOR,CIBINONG,106.821867,-6.471333,CY
D-BGR-018,H.ZAINUDIN,BOGOR,CIBINONG,106.85465,-6.4728,CY
D-BGR-019,EDI SUHANDI,BOGOR,CIBINONG,106.861667,-6.466117,CY
D-BGR-020,AHMAD SOBARI,BOGOR,CIBINONG,106.84655,-6.488183,CY
D-BGR-022,BAPAK SUYADI,BOGOR,CIBINONG,107.2483549,-6.250873707,CY
D-BGR-021,TRIYENMAR,BOGOR,CIBINONG,106.81165,-6.47205,CY
D-BGR-023,H DAMIN,BOGOR,CIBINONG,106.83055,-6.475433,CY
D-BGR-024,M.SHODIQ,BOGOR,CIBINONG,106.834083,-6.476417,CY
D-BGR-025,ARIFIN,BOGOR,CIBINONG,106.834417,-6.4765,CY
D-BGR-028,H. RIVAI II,BOGOR,CIBINONG,106.841683,-6.481,CY
D-BGR-026,ASPHALI,BOGOR,CIBINONG,106.840517,-6.482,CY
D-BGR-029,IRIN,BOGOR,CIBINONG,106.841717,-6.4894,CY
D-BGR-030,KUSNADI,BOGOR,CIBINONG,106.83875,-6.484217,CY
D-BGR-031,PUTRA HS,BOGOR,CIBINONG,107.2483549,-6.250873707,CY
D-BGR-032,BAPAK HAJI KHOLIL,BOGOR,CIBINONG,106.823083,-6.490867,CY
D-BGR-034,SHA SAN,BOGOR,CIBINONG,106.8182,-6.4912,CY
D-BGR-033,NAJAT,BOGOR,CIBINONG,106.818133,-6.49135,CY
D-BGR-035,JASMIN,BOGOR,CIBINONG,106.830933,-6.466283,CY
D-BGR-036,PUTUT,BOGOR,CIBINONG,106.819733,-6.454417,CY
D-BGR-038,UDIN,BOGOR,CIBINONG,107.2483549,-6.250873707,CY
D-BGR-037,ASMAD,BOGOR,CIBINONG,106.823,-6.469133,CY
D-BGR-039,H.MANSYUR,BOGOR,CIBINONG,107.2483549,-6.250873707,CY
D-BGR-040,CARDI,BOGOR,CIBINONG,106.834533,-6.484567,CY
D-BGR-044,CV SUKAMAJU FARM,BOGOR,TAMANSARI,106.771467,-6.653083,CY
D-BGR-045,TPA SAWORAYA FARM,BOGOR,TAMANSARI,106.773017,-6.64465,CY
D-BGR-046,ZULKARNAEN,BOGOR,RANCA BUNGUR,106.724217,-6.528983,CY
D-BGR-047,FITRI,BOGOR,CIAMPEA,107.2483549,-6.250873707,CY
D-BGR-048,PUTRA FARM,BOGOR,DRAMAGA,106.731567,-6.575267,CY
D-BGR-049,JAJA AYAM,BOGOR,CIAMPEA,106.693483,-6.551483,CY
D-BGR-054,MULYADI,BOGOR,JONGGOL,107.2483549,-6.250873707,CY
D-BGR-058,H. YADI,BOGOR,CARIU,107.1317,-6.505883,CY
D-BGR-059,MAMAN,BOGOR,TANJUNGSARI,107.154283,-6.580633,CY
D-BGR-060,BAPAK OPA,BOGOR,TANJUNGSARI,107.16595,-6.645433,CY
D-BGR-061,BAPAK ASRIP,BOGOR,TANJUNGSARI,107.149,-6.588283,CY
D-BGR-062,HAMIM,BOGOR,TANJUNGSARI,107.146367,-6.584583,CY
D-BGR-063,BAPAK UJAY,BOGOR,TANJUNGSARI,107.14705,-6.600167,CY
D-BGR-064,NASIM,BOGOR,TANJUNGSARI,107.167817,-6.640167,CY
D-BGR-065,H. Andang,BOGOR,TANJUNGSARI,107.2483549,-6.250873707,CY
D-BGR-066,BAPAK KANO,BOGOR,TANJUNGSARI,107.15485,-6.64745,CY
D-BGR-067,BAPAK DEDE ROSADI/ADE,BOGOR,TANJUNGSARI,107.143283,-6.578617,CY
D-BGR-069,H.OJAN,BOGOR,TANJUNGSARI,107.102433,-6.542033,CY
D-BGR-071,DEDI MULYADI,BOGOR,SUKAMAKMUR,107.00335,-6.5515,CY
D-BGR-073,SUJARI,BOGOR,SUKAMAKMUR,107.012567,-6.62365,CY
D-BGR-076,iDING,BOGOR,SUKAMAKMUR,107.024783,-6.61005,CY
D-BGR-077,hamand,BOGOR,SUKAMAKMUR,107.2483549,-6.250873707,CY
D-BGR-090,Pak Lukman,BOGOR,TAJUR HALANG,106.771,-6.479867,CY
D-BGR-091,Pak Misun,BOGOR,TAJUR HALANG,106.768633,-6.47445,CY
D-BGR-093,Pak Maman,BOGOR,TAJUR HALANG,106.776933,-6.47795,CY
D-BGR-085,MAMAT,BOGOR,TAJUR HALANG,106.7553,-6.48035,CY
D-BGR-103,Ko Awit,BOGOR,TAJUR HALANG,106.776817,-6.483867,CY
D-BGR-095,TRI HARDIYANTO,BOGOR,TAJUR HALANG,106.764783,-6.480733,CY
D-BGR-086,UCID,BOGOR,TAJUR HALANG,106.7531,-6.47675,CY
D-BGR-087,Pak Aris,BOGOR,TAJUR HALANG,106.775067,-6.47885,CY
D-BGR-088,MMC (MM Chicken),BOGOR,TAJUR HALANG,106.778133,-6.491633,CY
D-BGR-089,cv Nagra chicken,BOGOR,TAJUR HALANG,106.784067,-6.4856,CY
D-BGR-100,,BOGOR,TAJUR HALANG,106.768283,-6.475833,CY
D-BGR-097,pak amil/kimi,BOGOR,TAJUR HALANG,106.771933,-6.473867,CY
D-BGR-092,PARMAN,BOGOR,TAJUR HALANG,106.7553,-6.48035,CY
D-BGR-094,syarif,BOGOR,TAJUR HALANG,106.760583,-6.4762,CY
D-BGR-096,pak munijo,BOGOR,TAJUR HALANG,106.7813,-6.500502,CY
D-BGR-102,SARTA,BOGOR,TAJUR HALANG,107.2483549,-6.250873707,CY
D-BGR-099,NAAM,BOGOR,TAJUR HALANG,106.75605,-6.4726,CY
D-BGR-101,SUPARLAN,BOGOR,TAJUR HALANG,106.756417,-6.469633,CY
D-BGR-098,ASMAN,BOGOR,TAJUR HALANG,106.7556,-6.472467,CY
D-BGR-104,pak mono,BOGOR,TAJUR HALANG,106.775433,-6.455567,CY
D-BGR-105,MST GROUP,BOGOR,BOJONG GEDE,107.2483549,-6.250873707,CY
D-BGR-106,KEMBAR AB,BOGOR,BOJONG GEDE,106.798233,-6.45225,CY
D-BGR-109,AGUS SUTRISNO,BOGOR,BOJONG GEDE,106.7811,-6.50225,CY
D-BGR-110,MOHAMMAD IMAM,BOGOR,BOJONG GEDE,106.799917,-6.45405,CY
D-BGR-111,MARDI,BOGOR,BOJONG GEDE,106.793433,-6.4744,CY
D-BGR-112,ANDI,BOGOR,BOJONG GEDE,106.785767,-6.500217,CY
D-BGR-113,MUNASAN,BOGOR,BOJONG GEDE,106.7829,-6.442467,CY
D-BGR-114,H. REHAN,BOGOR,BOJONG GEDE,107.2483549,-6.250873707,CY
D-BGR-115,RATIMIN,BOGOR,BOJONG GEDE,106.805483,-6.47925,CY
D-BGR-116,TAMRIN RAKA,BOGOR,BOJONG GEDE,106.80525,-6.475383,CY
D-BGR-119,ATENG,BOGOR,BOJONG GEDE,107.2483549,-6.250873707,CY
D-BGR-120,DUDI,BOGOR,BOJONG GEDE,107.2483549,-6.250873707,CY
D-BGR-118,BAPAK NAHROWI,BOGOR,BOJONG GEDE,106.795983,-6.46015,CY
D-BGR-117,ASEP,BOGOR,BOJONG GEDE,107.2483549,-6.250873707,CY
D-BGR-121,SUPRIYADI,BOGOR,BOJONG GEDE,107.2483549,-6.250873707,CY
D-BGR-122,NANO,BOGOR,BOJONG GEDE,106.798883,-6.452483,CY
D-BGR-124,BAPAK KURTUBI,BOGOR,BOJONG GEDE,107.2483549,-6.250873707,CY
D-BGR-125,MENTARI,BOGOR,BOJONG GEDE,106.793,-6.499917,CY
D-BGR-126,CECE SYARIFUDIN,BOGOR,BOJONG GEDE,106.79555,-6.487267,CY
D-BGR-127,MAD NUR,BOGOR,BOJONG GEDE,106.8014,-6.454017,CY
D-BGR-129,CV MANDIRI,BOGOR,CILEUNGSI,106.9575,-6.402267,CY
D-BGR-130,BAPAK PARNO,BOGOR,CILEUNGSI,106.959133,-6.401367,CY
D-BGR-131,PD HMS,BOGOR,CILEUNGSI,106.964483,-6.411433,CY
D-BGR-132,CV BUNGA PRAM,BOGOR,CILEUNGSI,106.955667,-6.40485,CY
D-BGR-134,PEMOTONGAN KIKI,BOGOR,CITEUREUP,106.874533,-6.49815,CY
D-BGR-138,Alatas,BOGOR,KELAPA NUNGGAL,106.972033,-6.455117,CY
D-BGR-140,BAPAK EMUS/MUSLIHAT,BOGOR,CIAWI,106.861383,-6.677717,CY
D-BGR-141,H.TISNA,BOGOR,CIAWI,106.872633,-6.68145,CY
D-BGR-142,AHYA,BOGOR,CIAWI,106.834417,-6.703933,CY
D-BGR-143,UJANG,BOGOR,CIAWI,106.869617,-6.698383,CY
D-BGR-144,MULYONO,BOGOR,CIAWI,106.872017,-6.683767,CY
D-BGR-145,LUBIS,BOGOR,CIAWI,106.853483,-6.65325,CY
D-BGR-146,JEJEN,BOGOR,CIAWI,106.88055,-6.691067,CY
D-BGR-147,HARUN,BOGOR,CIAWI,106.863133,-6.703917,CY
D-BGR-148,H.USUP,BOGOR,CARINGIN,106.819033,-6.709333,CY
D-BGR-149,IBRAHIM,BOGOR,CARINGIN,106.820017,-6.720667,CY
D-BGR-150,H.AZIS,BOGOR,CARINGIN,106.82,-6.707233,CY
D-BGR-152,WAHYU,BOGOR,CARINGIN,106.820217,-6.70745,CY
D-BGR-163,USAHA MANDIRI,BOGOR,CIGOMBONG,106.78395,-6.745717,CY
D-BGR-170,IJOK,BOGOR,LEUWILIANG,106.63455,-6.592317,CY
D-BGR-172,LONGYAM,BOGOR,CIBUNGBULANG,106.653233,-6.612617,CY
D-BGR-173,ELI,BOGOR,CIBUNGBULANG,106.632383,-6.573367,CY
D-BGR-181,DULOH,BOGOR,PAMIJAHAN,106.671483,-6.62095,CY
D-BGR-188,KIOS AYAM HIDUP PASAR CIGUDEG,BOGOR,CIGUDEG,106.535317,-6.5493,CY
D-BGR-190,H. BADRU,BOGOR,TENJO,106.447717,-6.33585,CY
D-BGR-191,FATHINUDDIN,BOGOR,TENJO,106.4626,-6.32845,CY
D-BGR-195,ROSID,BOGOR,JASINGA,106.443283,-6.393283,CY
D-BGR-196,H.ZUEN,BOGOR,CISARUA,106.925933,-6.673817,CY
D-BGR-198,H.ENDANG,BOGOR,CISARUA,106.929983,-6.676667,CY
D-BGR-197,RATU CHICKEN,BOGOR,CISARUA,106.925483,-6.6737,CY
D-BGR-199,MANDIRI,BOGOR,CISARUA,106.92645,-6.673817,CY
D-BGR-200,YANTO,BOGOR,CISARUA,106.9311,-6.680067,CY
D-BGR-208,UD. MANDIRI,BOGOR,CISEENG,106.694983,-6.4346,CY
D-BGR-207,HOGURT FARM,BOGOR,CISEENG,106.694983,-6.435083,CY
D-BGR-206,HERMAN (ID LAMA:SAMSUL),BOGOR,CISEENG,106.703117,-6.45365,CY
D-BGR-209,ARKA PRIMA,BOGOR,PARUNG,106.693067,-6.42785,CY
D-BGR-210,BAPAK YUSUF,BOGOR,PARUNG,106.693033,-6.424183,CY
D-BGR-211,SULTAN MULTI Ps,BOGOR,PARUNG,106.690483,-6.44505,CY
D-BGR-212,OON,BOGOR,CISEENG,106.688333,-6.444667,CY
D-BGR-213,AL-BAHRI FARM,BOGOR,CISEENG,106.68915,-6.445283,CY
D-BGR-215,H. DADO,BOGOR,CIBUNGBULANG,106.64355,-6.57955,CY
D-BGR-216,KELOMPOK MITRA,BOGOR,CIBUNGBULANG,106.655033,-6.568917,CY
D-BGR-217,OMAN,BOGOR,CIBUNGBULANG,106.6421,-6.562683,CY
D-BGR-219,MUMUH,BOGOR,NANGGUNG,106.546217,-6.581667,CY
D-BGR-218,AHUM,BOGOR,CIBUNGBULANG,106.641183,-6.56215,CY
D-BGR-221,PERI,BOGOR,LEUWILIANG,106.635333,-6.577967,CY
D-BGR-220,NENG NOVI,BOGOR,NANGGUNG,106.54795,-6.578783,CY
D-BGR-222,KUSNAWATI,BOGOR,LEUWISADENG,106.563033,-6.563483,CY
D-BGR-224,H. USMAN,BOGOR,CIOMAS,106.758117,-6.602217,CY
D-BGR-223,RIZAL/AHMAD GHOZALI (ID LAMA: ROJALI),BOGOR,PARUNG PANJANG,106.576417,-6.348717,CY
D-BGR-226,BARAYA,BOGOR,CIOMAS,106.755183,-6.60485,CY
D-BGR-225,EMAD,BOGOR,CIOMAS,106.744,-6.59285,CY
D-BGR-227,RIZQI FARM,BOGOR,CIOMAS,106.7584,-6.607067,CY
D-BGR-228,BAROKAH FARM,BOGOR,CIOMAS,106.744183,-6.619383,CY
D-BGR-229,PERDANA PUTRA CHICKEN,BOGOR,CIOMAS,106.760483,-6.5912,CY
D-BGR-231,ANNISA,BOGOR,DRAMAGA,106.73955,-6.586933,CY
D-BGR-230,BUDI SANTOSO,BOGOR,CIAMPEA,106.69695,-6.569683,CY
D-BGR-234,H. Nurman,BOGOR,CILEUNGSI,106.963283,-6.406933,CY
D-BGR-233,BAPAK MARGO,BOGOR,CILEUNGSI,106.951933,-6.408333,CY
D-BGR-238,ANWAR,BOGOR,JONGGOL,107.2483549,-6.250873707,CY
D-BGR-242,SANAN,BOGOR,CIAWI,106.834033,-6.703483,CY
D-BGR-246,NORMA,BOGOR,CIAWI,106.880517,-6.691117,CY
D-BGR-243,IDRUS,BOGOR,CIAWI,106.869383,-6.689333,CY
D-BGR-245,H.ILYAS,BOGOR,CIAWI,106.84845,-6.676917,CY
D-BGR-241,ASRI CHICKEN,BOGOR,KELAPA NUNGGAL,106.857483,-6.5099,CY
D-BGR-244,MAJID,BOGOR,CIAWI,106.8815,-6.69905,CY
D-BGR-237,Ade,BOGOR,CILEUNGSI,107.027117,-6.4137,CY
D-BGR-236,BAPAK SAMIL,BOGOR,CILEUNGSI,107.026217,-6.4167,CY
D-BGR-247,CV RAFLY BERKAH,BOGOR,CARINGIN,106.827167,-6.71425,CY
D-BGR-248,SYAFRUDIN,BOGOR,CARINGIN,106.822167,-6.7064,CY
D-BGR-249,KURDI,BOGOR,CARINGIN,106.822233,-6.706417,CY
D-BGR-250,AGUS,BOGOR,CIGOMBONG,106.795933,-6.708133,CY
D-BGR-251,PT. BRASTO INDO SUKSES,BOGOR,MEGAMENDUNG,106.878683,-6.665367,CY
D-BGR-254,ELIM,BOGOR,JASINGA,106.422067,-6.4603,CY
D-BGR-255,BADRU,BOGOR,JASINGA,106.417667,-6.457433,CY
D-BGR-253,UUS,BOGOR,JASINGA,106.41735,-6.456533,CY
D-BGR-256,BAPAK YANTO(TOTOK),BOGOR,BOJONG GEDE,106.79395,-6.489417,CY
D-BGR-259,HARUN,BOGOR,TAJUR HALANG,106.75475,-6.480517,CY
D-BGR-260,IDIK,BOGOR,CIOMAS,106.752017,-6.601083,CY
D-BGR-266,ABIDIN,BOGOR,TENJOLAYA,106.695217,-6.618217,CY
D-BGR-267,ADE,BOGOR,TENJOLAYA,106.702733,-6.604133,CY
D-BGR-269,ABDUL ROJI/OJI,BOGOR,TENJOLAYA,106.70995,-6.6087,CY
D-BGR-268,OJI,BOGOR,TENJOLAYA,106.70995,-6.6087,CY
D-BGR-270,DEDE,BOGOR,TENJOLAYA,106.70595,-6.641633,CY
D-BGR-271,HARTO,BOGOR,TENJOLAYA,106.693267,-6.64295,CY
D-BGR-272,JAJAT (ID LAMA:YAYAT),BOGOR,TENJOLAYA,106.705883,-6.630283,CY
D-BGR-273,USAHA BERSAMA REMAJA MASJID AL-IKHWAN,BOGOR,CIAMPEA,106.704817,-6.587817,CY
D-BGR-278,DADAY,BOGOR,TAMANSARI,106.761733,-6.6389,CY
D-BGR-277,ENAS,BOGOR,TAMANSARI,106.741783,-6.65175,CY
D-BGR-275,H. UKAY,BOGOR,TAMANSARI,106.727717,-6.649483,CY
D-BGR-279,EMUL,BOGOR,TAMANSARI,106.73205,-6.6579,CY
D-BGR-276,DAVID,BOGOR,TAMANSARI,106.727567,-6.639367,CY
D-BGR-282,Pak H Usman,BOGOR,DRAMAGA,106.735183,-6.60425,CY
D-BGR-283,H. Saman,BOGOR,CILEUNGSI,107.02655,-6.41835,CY
D-BGR-284,SARDI,BOGOR,CILEUNGSI,107.035367,-6.417483,CY
D-BGR-285,UDIN,BOGOR,CILEUNGSI,107.2483549,-6.250873707,CY
D-BGR-286,H. Komar,BOGOR,CILEUNGSI,107.035333,-6.41745,CY
D-BGR-297,WAHYU,BOGOR,JONGGOL,107.062467,-6.4696,CY
D-BGR-296,H. AMAT,BOGOR,JONGGOL,107.062467,-6.4696,CY
D-BGR-299,EKA,BOGOR,JONGGOL,107.0612,-6.457917,CY
D-BGR-303,SUMPENA,BOGOR,JONGGOL,107.089,-6.4735,CY
D-BGR-306,BAPAK HENDRA WK,BOGOR,CARIU,107.109383,-6.523917,CY
D-BGR-308,sOHIB,BOGOR,CARIU,107.129517,-6.512267,CY
D-BGR-322,ENDIN,BOGOR,CARINGIN,106.832167,-6.705883,CY
D-BGR-323,ENDANG,BOGOR,CARINGIN,106.832467,-6.7038,CY
D-BGR-324,WASEH,BOGOR,CARINGIN,106.831933,-6.704117,CY
D-BGR-327,EMAN,BOGOR,CARINGIN,106.8318,-6.7043,CY
D-BGR-328,UPAH,BOGOR,CARINGIN,106.83195,-6.7056,CY
D-BGR-326,SOBUR,BOGOR,CARINGIN,106.831983,-6.705583,CY
D-BGR-329,IBAD,BOGOR,CARINGIN,106.832617,-6.704833,CY
D-BGR-325,UJANG,BOGOR,CARINGIN,106.834083,-6.705367,CY
D-BGR-331,UDIN,BOGOR,CIGOMBONG,106.783783,-6.7461,CY
D-BGR-334,SYARIFUDIN,BOGOR,CIGOMBONG,106.80345,-6.743983,CY
D-BGR-333,ASEP,BOGOR,CIGOMBONG,106.801633,-6.742267,CY
D-BGR-336,HALIMI,BOGOR,CIJERUK,106.809983,-6.676033,CY
D-BGR-337,RIDHO MANDIRI,BOGOR,CIJERUK,106.792617,-6.677467,CY
D-BKS-004,TPnU Asep /Mitra Jaya,BEKASI,CIKARANG UTARA,107.15585,-6.25435,CY
D-BKS-011,AGUNG/AGUS,BEKASI,BABELAN,107.01975,-6.186517,CY
D-BKS-012,BUNYAMIN,BEKASI,BABELAN,107.022,-6.17805,CY
D-BKS-013,LENY HIDAYAT,BEKASI,CIBARUSAH,107.074983,-6.438667,CY
D-BKS-014,ALIM ALAMSYAH,BEKASI,CIBARUSAH,107.084567,-6.424883,CY
D-BKS-017,P. HERU/ B. ADE/ BERKAH (HISYAM FARM),BEKASI,CIBARUSAH,107.074483,-6.438667,CY
D-BKS-020,LUKAS,BEKASI,TAMBUN SELATAN,107.055683,-6.2628,CY
D-BKS-023,SUWARDI,BEKASI,TAMBUN SELATAN,107.045533,-6.271317,CY
D-BKS-024,AHMAD SAHRONI,BEKASI,TARUMAJAYA,106.994267,-6.1694,CY
D-BKS-026,SADLI,BEKASI,TARUMAJAYA,106.994283,-6.169467,CY
D-BKS-028,TPnU UMAR,BEKASI,TARUMAJAYA,107.000683,-6.13935,CY
D-BKS-030,H.MUJAR,BEKASI,TARUMAJAYA,106.995817,-6.117317,CY
D-BKS-031,Abdilla,BEKASI,TARUMAJAYA,106.994317,-6.112517,CY
D-BKS-032,H. MASIH,BEKASI,TARUMAJAYA,106.975617,-6.130833,CY
D-BKS-045,PD. H Jamal,BEKASI,KEDUNGWARINGIN,107.272483,-6.26655,CY
D-BKS-046,HJ ETI,BEKASI,KEDUNGWARINGIN,107.266333,-6.269183,CY
D-BKS-047,Cahaya Sumirat,BEKASI,KEDUNGWARINGIN,107.266233,-6.2732,CY
D-BKS-049,ADE,BEKASI,KEDUNGWARINGIN,107.253617,-6.246083,CY
D-BKS-048,MIDA,BEKASI,KEDUNGWARINGIN,107.2483549,-6.250873707,CY
D-BKS-050,H. NAMI,BEKASI,KEDUNGWARINGIN,107.2341,-6.258967,CY
D-BKS-051,H. KOTONG,BEKASI,KEDUNGWARINGIN,107.243367,-6.2537,CY
D-BKS-052,WK SARMAN,BEKASI,KEDUNGWARINGIN,107.2432,-6.250233,CY
D-BKS-053,KARDI / PD ANUGERAH,BEKASI,CIKARANG PUSAT,107.182233,-6.3317,CY
D-BKS-054,PD. RAI RAKA,BEKASI,CIKARANG PUSAT,107.182667,-6.332683,CY
D-BKS-056,CAPUNG,BEKASI,CIKARANG SELATAN,107.121133,-6.338117,CY
D-BKS-059,TPnU Juliah,BEKASI,CIBARUSAH,107.073833,-6.4384,CY
D-BKS-060,DJUNAEDI,BEKASI,CIBARUSAH,107.0753,-6.438617,CY
D-BKS-061,EMAS,BEKASI,CIKARANG TIMUR,107.186117,-6.3161,CY
D-BKS-062,RIDHO ILLAHI,BEKASI,KARANGBAHAGIA,107.1705,-6.209317,CY
D-BKS-064,H. TARBIDIN,BEKASI,KARANGBAHAGIA,107.171783,-6.207567,CY
D-BKS-063,KISWI / UD ANANDA,BEKASI,KARANGBAHAGIA,107.170933,-6.2087,CY
D-BKS-065,SURYO,BEKASI,CIKARANG UTARA,106.983833,-6.2593,CY
D-BKS-069,URIP JAYA/TARBIDIN,BEKASI,CIKARANG UTARA,107.146067,-6.256917,CY
D-BKS-067,Lestari Indah Jaya,BEKASI,CIKARANG UTARA,107.1461,-6.25645,CY
D-BKS-066,IDERA JUJUR,BEKASI,CIKARANG UTARA,107.146067,-6.256467,CY
D-BKS-068,TIKA JAYA,BEKASI,CIKARANG UTARA,107.146033,-6.256883,CY
D-BKS-072,DUTA MAKMUR,BEKASI,BABELAN,107.045167,-6.164083,CY
D-BKS-074,SIBRO PEDAGANG AYAM,BEKASI,CIKARANG PUSAT,107.170183,-6.209833,CY
D-TGR-005,TPNU BAPAK UCA,TANGERANG,TELUKNAGA,106.64445,-6.065067,CY
D-TGR-002,H.SUWANDI,TANGERANG,TELUKNAGA,106.644433,-6.065083,CY
D-TGR-004,TPNU BAPAK ENCEP,TANGERANG,TELUKNAGA,106.6445,-6.06505,CY
D-TGR-003,TPNU BAPAK MIRIN,TANGERANG,TELUKNAGA,106.644733,-6.067433,CY
D-TGR-008,BUAH,TANGERANG,TELUKNAGA,106.644417,-6.06505,CY
D-TGR-007,,TANGERANG,TELUKNAGA,106.64445,-6.064983,CY
D-TGR-006,SUNTA,TANGERANG,TELUKNAGA,106.644467,-6.056583,CY
D-TGR-009,TAUFIK CHICK,KOTA TANGERANG SELATAN,CIPUTAT,106.712167,-6.295617,CY
D-TGR-011,TPNU BAPAK SARBINI,KOTA TANGERANG SELATAN,CIPUTAT,106.745867,-6.32375,CY
D-TGR-013,BAPAK KOMARUDIN,KOTA TANGERANG SELATAN,CIPUTAT,106.723767,-6.320317,CY
D-TGR-016,TPNU BAPAK KARMAN,KOTA TANGERANG SELATAN,CIPUTAT,106.746,-6.3126,CY
D-TGR-020,TPNU BAPAK SUEB,KOTA TANGERANG SELATAN,CIPUTAT,106.746117,-6.312583,CY
D-TGR-018,H. KARI (MURNI CHIC),KOTA TANGERANG SELATAN,CIPUTAT,106.7462,-6.312617,CY
D-TGR-014,H.ROSID,KOTA TANGERANG SELATAN,CIPUTAT,106.746233,-6.312967,CY
D-TGR-021,TPNU DARMINTO,TANGERANG,RAJEG,106.526017,-6.1308,CY
D-TGR-022,TPNU HAJI AWAY,TANGERANG,RAJEG,106.5155,-6.131317,CY
D-TGR-026,MANSUR,TANGERANG,RAJEG,106.485433,-6.1282,CY
D-TGR-024,CECEP,TANGERANG,RAJEG,106.4853,-6.117067,CY
D-TGR-023,JAMSURI,TANGERANG,RAJEG,106.484233,-6.12975,CY
D-TGR-025,TUNAH,TANGERANG,RAJEG,106.4856,-6.128133,CY
D-TGR-028,HASAN,KOTA TANGERANG SELATAN,PONDOK AREN,106.684517,-6.273383,CY
D-TGR-029,PRIMA GROUP,TANGERANG,KELAPA DUA,106.62225,-6.249083,CY
D-TGR-031,PEMOTONGAN DAN SUPPLIER AYAM EGI,TANGERANG,KELAPA DUA,106.59875,-6.259517,CY
D-TGR-032,,KOTA TANGERANG,KARAWACI,106.589633,-6.257033,CY
D-TGR-033,,TANGERANG,SEPATAN,106.572933,-6.119783,CY
D-TGR-035,TPNU PAK HERMAN,TANGERANG,SEPATAN,106.572333,-6.119817,CY
D-TGR-036,PD RISMA JAYA,TANGERANG,SEPATAN,106.586983,-6.091267,CY
D-TGR-038,H.SURYA,TANGERANG,SEPATAN,106.582167,-6.125483,CY
D-TGR-039,IYAN,TANGERANG,SEPATAN,106.5814,-6.1178,CY
D-TGR-040,TPNU PAK EMAD,TANGERANG,SEPATAN,106.57495,-6.11525,CY
D-TGR-041,UDIN,TANGERANG,SEPATAN TIMUR,106.602783,-6.1139,CY
D-TGR-042,JUNAENI,TANGERANG,SEPATAN TIMUR,106.603883,-6.125,CY
D-TGR-043,TPNU BAPAK MADUM,TANGERANG,CIKUPA,106.518717,-6.232183,CY
D-TGR-045,TPNU BAPAK ASPIN,TANGERANG,CIKUPA,106.47915,-6.201567,CY
D-TGR-050,TPNU BAPAK UWENG,TANGERANG,CIKUPA,106.519933,-6.23075,CY
D-TGR-051,TPNU BAPAK ISBAR,TANGERANG,CIKUPA,106.48825,-6.214483,CY
D-TGR-055,CV. SUMBER REJEKY,TANGERANG,KOSAMBI,107.2483549,-6.250873707,CY
D-TGR-056,CAHAYA BARU,TANGERANG,KOSAMBI,106.642167,-6.110917,CY
D-TGR-060,MIHADI,TANGERANG,LEGOK,106.572433,-6.30615,CY
D-TGR-061,CIRCU MANDIRI BAROKAH,TANGERANG,LEGOK,106.57255,-6.3148,CY
D-TGR-062,H. ITANG,TANGERANG,LEGOK,107.2483549,-6.250873707,CY
D-TGR-066,ISWAN,TANGERANG,TIGARAKSA,106.466467,-6.267633,CY
D-TGR-063,HERMAN,TANGERANG,TIGARAKSA,107.2483549,-6.250873707,CY
D-TGR-065,MARSINAH,TANGERANG,TIGARAKSA,107.2483549,-6.250873707,CY
D-TGR-067,SUARJA,TANGERANG,KEMIRI,106.463983,-6.110783,CY
D-TGR-068,TPNU BAPAK MADRASAH,TANGERANG,KEMIRI,106.4571,-6.120733,CY
D-TGR-069,TPNU BAPAK TOHAYAR,TANGERANG,KEMIRI,106.451483,-6.1145,CY
D-TGR-070,TPNU BAPAK TIRJO,TANGERANG,KEMIRI,106.45685,-6.119317,CY
D-TGR-079,H.CHAIRIL ANWAR,KOTA TANGERANG SELATAN,PAMULANG,107.2483549,-6.250873707,CY
D-TGR-080,TUGIMIN,KOTA TANGERANG SELATAN,PAMULANG,106.73635,-6.3149,CY
D-TGR-081,H.MAMIN,KOTA TANGERANG SELATAN,PAMULANG,106.7303,-6.332417,CY
D-TGR-085,IMRAN,KOTA TANGERANG SELATAN,PAMULANG,106.7144,-6.334017,CY
D-TGR-084,UMAR,KOTA TANGERANG SELATAN,PAMULANG,106.711867,-6.333383,CY
D-TGR-204,,TANGERANG,KELAPA DUA,106.622283,-6.24895,CY
D-TGR-205,AJA,TANGERANG,KEMIRI,106.468117,-6.088517,CY
D-TGR-206,IYUM,TANGERANG,KEMIRI,106.45605,-6.110783,CY
D-TGR-207,SUMBER MAKMUR,TANGERANG,PAKUHAJI,106.59415,-6.06765,CY
D-TGR-208,MILA JAYA,TANGERANG,PAKUHAJI,106.597783,-6.0689,CY
D-TGR-209,SRI JAYA,TANGERANG,PAKUHAJI,106.6083,-6.088883,CY
D-TGR-210,ENJUN/JUNAEDI,TANGERANG,SEPATAN,106.5914,-6.09095,CY
D-TGR-211,PAHMI YUDA (PAHMI YUDIN),TANGERANG,SEPATAN,106.590033,-6.089283,CY
D-TGR-212,TEA / TEHA,TANGERANG,SEPATAN,106.575183,-6.11505,CY
D-TGR-213,AMRIN,TANGERANG,TELUKNAGA,106.641767,-6.0638,CY
D-TGR-214,RICO AKBARI,TANGERANG,TELUKNAGA,106.644783,-6.065233,CY
D-TGR-215,DILAH SAKTI MANDIRI,TANGERANG,TELUKNAGA,106.6588,-6.08645,CY
D-TGR-216,TPNU DARMINTO,TANGERANG,RAJEG,106.521733,-6.128933,CY
D-TGR-217,RESTU IBU APANG CS,TANGERANG,MAUK,106.541283,-6.086017,CY
D-TGR-218,H.SAYUTI,TANGERANG,LEGOK,106.575283,-6.277033,CY
D-TGR-223,FUDORI,TANGERANG,TELUKNAGA,106.6434,-6.064983,CY
D-TGR-224,SANUSI,TANGERANG,TELUKNAGA,107.2483549,-6.250873707,CY
D-TGR-221,BOAN,TANGERANG,TELUKNAGA,106.644383,-6.065033,CY
D-TGR-222,ACIN,TANGERANG,TELUKNAGA,106.644367,-6.065017,CY
D-TGR-225,PANGKALAN RUMIN,TANGERANG,TELUKNAGA,106.645817,-6.065517,CY
D-TGR-250,PETRA FOOD,KOTA TANGERANG SELATAN,SERPONG UTARA,106.64765,-6.233033,CY
D-TGR-252,HASNA BROILER,KOTA TANGERANG SELATAN,PAMULANG,106.747833,-6.3567,CY
D-TGR-253,UD WALUYO,KOTA TANGERANG SELATAN,SERPONG,106.70535,-6.315383,CY
D-TGR-254,MURTADO,KOTA TANGERANG SELATAN,CIPUTAT TIMUR,106.754783,-6.314083,CY
D-TGR-255,MARYONO (INTI SARI JAYA),KOTA TANGERANG SELATAN,CIPUTAT,106.745717,-6.302667,CY
D-TGR-256,KUNTO,KOTA TANGERANG SELATAN,PAMULANG,106.729317,-6.352767,CY
D-TGR-257,PRIMA YUDHA,KOTA TANGERANG SELATAN,SERPONG,106.70055,-6.3392,CY
D-TGR-258,ISMANTO,KOTA TANGERANG SELATAN,CIPUTAT,106.723933,-6.310817,CY
D-TGR-259,JAKA,KOTA TANGERANG SELATAN,SETU,106.66565,-6.335,CY
D-TGR-260,TPNU IBU TINI,KOTA TANGERANG SELATAN,PONDOK AREN,106.693283,-6.259167,CY
D-TGR-261,TPNU BAPAK SIDO,KOTA TANGERANG SELATAN,PONDOK AREN,106.684467,-6.259433,CY
D-TGR-262,KELVIN,KOTA TANGERANG SELATAN,SETU,106.6716,-6.339067,CY
M-BGR-008,RPU JAMBU RAYA,KOTA BOGOR,BOGOR SELATAN,106.725717,-6.628767,CY
M-BGR-009,KARYA MUDA FARM,KOTA BOGOR,TANAH SEREAL,106.7737,-6.549483,CY
M-BGR-010,BAPAK SUGENG ADRIANUS ADI,KOTA BOGOR,BOGOR BARAT,106.757817,-6.565217,CY
M-BGR-011,NAWAWI,KOTA BOGOR,BOGOR SELATAN,106.82745,-6.6753,CY
M-BGR-012,H.DARNO,KOTA BOGOR,TANAH SEREAL,106.793967,-6.571967,CY
M-BGR-013,Pak H Ahmad,KOTA BOGOR,BOGOR TENGAH,106.801117,-6.60365,CY
M-BGR-014,H.IYUL,KOTA BOGOR,BOGOR TENGAH,106.788033,-6.5849,CY
M-BGR-015,Herman,KOTA BOGOR,BOGOR BARAT,106.77795,-6.593783,CY
M-BGR-018,ENGKUS,KOTA BOGOR,TANAH SEREAL,106.77515,-6.541933,CY
M-BGR-016,BEBEN,KOTA BOGOR,TANAH SEREAL,106.7761,-6.548467,CY
M-BKS-001-CY,JOHAN,KOTA BEKASI,JATISAMPURNA,106.92225,-6.364017,CY
M-BKS-002-CY,CV. SEKAR PUTRA HARAPAN/ B. TRIYANTI,KOTA BEKASI,JATISAMPURNA,106.928,-6.3601,CY
M-BKS-007-CY,PASAR JAMBLANG,KOTA BEKASI,BEKASI SELATAN,106.9639,-6.259983,CY
M-BKS-013,MURNI CHICKEN,KOTA BEKASI,PONDOKMELATI,106.91105,-6.289883,CY
M-BKS-011,BUDI,KOTA BEKASI,PONDOKMELATI,107.2483549,-6.250873707,CY
M-BKS-008,TONO,KOTA BEKASI,PONDOKMELATI,106.934517,-6.304717,CY
M-BKS-012,TpnU Sarmili,KOTA BEKASI,PONDOKMELATI,106.932583,-6.305017,CY
M-BKS-009,TPnU Hanafi,KOTA BEKASI,PONDOKMELATI,106.933017,-6.305183,CY
M-BKS-014,MUI,KOTA BEKASI,PONDOKMELATI,106.934017,-6.307267,CY
M-BKS-015,H. SAMAN,KOTA BEKASI,PONDOKMELATI,106.932517,-6.304983,CY
M-BKS-010,SUHARDI,KOTA BEKASI,PONDOKMELATI,107.078067,-6.291133,CY
M-BKS-017,DARIJAN / JUN,KOTA BEKASI,JATIASIH,106.970967,-6.2862,CY
M-BKS-016,SUGIYANTO/AYAM PUTIH/SOBIJAH,KOTA BEKASI,JATIASIH,106.968033,-6.284833,CY
M-BKS-019,UTOMO CHICKEN,KOTA BEKASI,JATIASIH,106.967083,-6.288517,CY
M-BKS-020,MARULON / UYONG,KOTA BEKASI,JATIASIH,106.94215,-6.337367,CY
M-BKS-021,SULAM / URIF,KOTA BEKASI,JATIASIH,106.947017,-6.27795,CY
M-BKS-026,ACE / SRB,KOTA BEKASI,BEKASI BARAT,106.974433,-6.2337,CY
M-BKS-025,ABU,KOTA BEKASI,BEKASI BARAT,107.2483549,-6.250873707,CY
M-BKS-028,Pasar Family Mart,KOTA BEKASI,MEDAN SATRIA,106.983883,-6.1829,CY
M-BKS-038,WARNO,KOTA BEKASI,BANTARGEBANG,106.988683,-6.306817,CY
M-BKS-041,AA / ROBY JAYA,KOTA BEKASI,BANTARGEBANG,106.987483,-6.313033,CY
M-BKS-040,AHMAD YANI/UD MANDIRI 2,KOTA BEKASI,BANTARGEBANG,106.984867,-6.31245,CY
M-BKS-042,DJAMIL,KOTA BEKASI,BANTARGEBANG,106.983867,-6.3123,CY
M-BKS-044,BISMA ADI PRATAMA,KOTA BEKASI,BEKASI SELATAN,107.2483549,-6.250873707,CY
M-BKS-045,SUGENG,KOTA BEKASI,BEKASI SELATAN,106.98795,-6.264267,CY
M-BKS-046,ANSYORI,KOTA BEKASI,BEKASI SELATAN,106.983833,-6.2593,CY
M-BKS-047,KUSTIWA,KOTA BEKASI,BEKASI SELATAN,106.983767,-6.257883,CY
M-BKS-048-CY,PASAR BAMBU KUNING,KOTA BEKASI,BEKASI SELATAN,106.985933,-6.2462,CY
M-BKS-049-CY,JALU/PASAR PONCOL BARU,KOTA BEKASI,BEKASI SELATAN,106.984633,-6.23795,CY
M-BKS-050-CY,PASAR MUJAER,KOTA BEKASI,BEKASI SELATAN,106.9806,-6.236433,CY
M-BKS-051,Maju Lancar,KOTA BEKASI,BEKASI UTARA,106.991767,-6.2101,CY
M-BKS-054,PAK ANDANG,KOTA BEKASI,BEKASI UTARA,107.006233,-6.233917,CY
M-BKS-055,TPnU M. Usin,KOTA BEKASI,BEKASI UTARA,107.00405,-6.222133,CY
M-BKS-057,NIMPAH,KOTA BEKASI,BEKASI UTARA,107.044983,-6.1967,CY
M-BKS-058,TPnU M Namin,KOTA BEKASI,BEKASI UTARA,107.039617,-6.201967,CY
M-BKS-065,Jaya Unggas,KOTA BEKASI,BEKASI TIMUR,107.02155,-6.242367,CY
M-BKS-067,AHEN/ENDRA WINOTO,KOTA BEKASI,BEKASI TIMUR,107.025567,-6.239317,CY
M-BKS-069,TPnU Marzuki,KOTA BEKASI,BEKASI TIMUR,107.023667,-6.235267,CY
M-BKS-072,Purwoto,KOTA BEKASI,RAWALUMBU,107.007283,-6.270267,CY
M-BKS-075,H.AMRIL BURHAN/BURNAS MULIA SAKTI,KOTA BEKASI,PONDOKGEDE,106.93295,-6.283617,CY
M-BKS-077-CY,TPnU H Misin,KOTA BEKASI,BEKASI SELATAN,106.977767,-6.259733,CY
M-BKS-078-CY,WITO/PS. WISMA ASRI,KOTA BEKASI,BEKASI UTARA,107.027,-6.211783,CY
M-BKS-083,DRH AGUS CANDRA,KOTA BEKASI,JATISAMPURNA,106.922367,-6.36395,CY
M-BKS-084,GETAS SUKSES MAKMUR/ NOVITASARI,KOTA BEKASI,JATISAMPURNA,106.925517,-6.363583,CY
M-BKS-086,UD MANDIRI,KOTA BEKASI,RAWALUMBU,106.987267,-6.312833,CY
M-BKS-088,PD. Unggas Sakti,KOTA BEKASI,BEKASI TIMUR,107.020267,-6.242017,CY
M-BKS-089,UD M. FAREL,KOTA BEKASI,BANTARGEBANG,106.9874,-6.312817,CY
M-BKS-097,MAAN,KOTA BEKASI,MUSTIKAJAYA,107.2483549,-6.250873707,CY
M-BKS-099,PREDY GROUP,KOTA BEKASI,BEKASI BARAT,106.974333,-6.23355,CY
M-BKS-101,RIHIT MAS,KOTA BEKASI,BEKASI BARAT,106.975,-6.236283,CY
M-BKS-100,BERDIKARI,KOTA BEKASI,BEKASI BARAT,106.975017,-6.23515,CY
M-BKS-098,RUDI/M.ARI JAYA,KOTA BEKASI,BEKASI BARAT,106.974267,-6.233567,CY
M-BKS-102,PD. PASAR MINGGU,KOTA BEKASI,BEKASI BARAT,106.9727,-6.235,CY
M-BKS-103,HANDAYANI 3,KOTA BEKASI,BEKASI BARAT,106.975,-6.236283,CY
M-DPK-003,BAPAK PURBIANTO,KOTA DEPOK,SAWANGAN,106.7508,-6.40735,CY
M-DPK-005,Trijaya Chicken,KOTA DEPOK,SAWANGAN,106.735217,-6.369167,CY
M-DPK-008,CV KPTM,KOTA DEPOK,SUKMA JAYA,106.83565,-6.425833,CY
M-DPK-011,MARYANTO,KOTA DEPOK,CIMANGGIS,106.8654,-6.36665,CY
M-DPK-012,SUKIRNO,KOTA DEPOK,CIMANGGIS,106.8622,-6.444217,CY
M-DPK-014,CEPY GURADI,KOTA DEPOK,CIMANGGIS,106.85815,-6.357483,CY
M-DPK-016,BAPAK ASEP,KOTA DEPOK,BEJI,106.822167,-6.373333,CY
M-DPK-017,BAPAK ISMEL,KOTA DEPOK,LIMO,106.791,-6.329733,CY
M-JKB-005,Jaya Sakti,JAKARTA BARAT,CENGKARENG,106.73165,-6.16385,CY
M-JKB-001,TIMAN,JAKARTA BARAT,CENGKARENG,107.2483549,-6.250873707,CY
M-JKB-002,CASMAD,JAKARTA BARAT,CENGKARENG,107.2483549,-6.250873707,CY
M-JKB-003,Darman,JAKARTA BARAT,CENGKARENG,107.2483549,-6.250873707,CY
M-JKB-004,Manto,JAKARTA BARAT,CENGKARENG,107.2483549,-6.250873707,CY
M-JKB-006,SUTRISNO,JAKARTA BARAT,CENGKARENG,106.765483,-6.148967,CY
M-JKB-007,TUMARITIS,JAKARTA BARAT,CENGKARENG,106.73185,-6.1494,CY
M-JKB-036,KUSWANTO,JAKARTA BARAT,CENGKARENG,106.716217,-6.167517,CY
M-JKB-010,UD ANGGIT PS,JAKARTA BARAT,CENGKARENG,106.71775,-6.17175,CY
M-JKB-008,SAWUNG KEMBAR,JAKARTA BARAT,CENGKARENG,106.7194,-6.17285,CY
M-JKB-037,H.ZEN ABDULLAH,JAKARTA BARAT,CENGKARENG,106.717167,-6.18055,CY
M-JKB-009,H.KOYAN,JAKARTA BARAT,CENGKARENG,107.2483549,-6.250873707,CY
M-JKB-017,SUKO,JAKARTA BARAT,TAMBORA,106.80835,-6.143383,CY
M-JKB-013,H.SUDARSONO,JAKARTA BARAT,TAMBORA,107.2483549,-6.250873707,CY
M-JKB-014,HASAN BASRI,JAKARTA BARAT,TAMBORA,107.2483549,-6.250873707,CY
M-JKB-015,MUHIDIN,JAKARTA BARAT,TAMBORA,107.2483549,-6.250873707,CY
M-JKB-016,PARLAN,JAKARTA BARAT,TAMBORA,107.2483549,-6.250873707,CY
M-JKB-022,KUBIL,JAKARTA BARAT,TAMBORA,107.2483549,-6.250873707,CY
M-JKB-023,H.Abbas,JAKARTA BARAT,KALIDERES,106.749267,-6.170183,CY
M-JKB-026,Mandiri Jaya (Penyalur Ayam Broiler),JAKARTA BARAT,KEBONJERUK,106.775117,-6.187417,CY
M-JKB-027,Pak H Amin Mashuri,JAKARTA BARAT,KEBONJERUK,106.780233,-6.18645,CY
M-JKB-038,BAMBANG,JAKARTA BARAT,CENGKARENG,106.737283,-6.150317,CY
M-JKB-043,SAELAN,JAKARTA BARAT,CENGKARENG,107.2483549,-6.250873707,CY
M-JKB-040,KASMUN,JAKARTA BARAT,CENGKARENG,106.731283,-6.163983,CY
M-JKB-044,SAROJO/PURWOJO,JAKARTA BARAT,CENGKARENG,106.731233,-6.164133,CY
M-JKB-041,Suhatmin,JAKARTA BARAT,CENGKARENG,106.731283,-6.164533,CY
M-JKB-042,YUDI,JAKARTA BARAT,CENGKARENG,106.731283,-6.164067,CY
M-JKB-039,UD. Kalimaya,JAKARTA BARAT,CENGKARENG,106.73155,-6.164217,CY
M-JKB-045,Ateng (Supplier Ayam Potong),JAKARTA BARAT,KEBONJERUK,106.77515,-6.187433,CY
M-JKB-046,Pak H Waryono,JAKARTA BARAT,KEBONJERUK,106.775,-6.177083,CY
M-JKB-047,Pak Hendra,JAKARTA BARAT,KEBONJERUK,106.77955,-6.179733,CY
M-JKB-048,H. MUSLAM,JAKARTA BARAT,GROGOLPETAMBURAN,106.78255,-6.15325,CY
M-JKB-049,Purwanto,JAKARTA BARAT,GROGOLPETAMBURAN,106.776033,-6.156983,CY
M-JKB-050,HIMAWAN,JAKARTA BARAT,GROGOLPETAMBURAN,106.788767,-6.158517,CY
M-JKB-051,PD. Waras,JAKARTA BARAT,GROGOLPETAMBURAN,106.7827,-6.153317,CY
M-JKB-052,KUBIL HO,JAKARTA BARAT,TAMBORA,107.2483549,-6.250873707,CY
M-JKB-053,H.WO/SYAIFULLOH,JAKARTA BARAT,TAMBORA,106.798833,-6.145917,CY
M-JKB-057,Bapak Jajang,JAKARTA BARAT,TAMBORA,106.80045,-6.142883,CY
M-JKB-056,Bapak Ote,JAKARTA BARAT,TAMBORA,106.800483,-6.142917,CY
M-JKB-055,Pak Matsani,JAKARTA BARAT,TAMBORA,106.800517,-6.14295,CY
M-JKB-054,H. KIDON/MUSLIM,JAKARTA BARAT,TAMBORA,106.800467,-6.1429,CY
M-JKB-058,Aiju,JAKARTA BARAT,KALIDERES,106.70375,-6.132483,CY
M-JKB-059,Aguan,JAKARTA BARAT,KALIDERES,106.712133,-6.135067,CY
M-JKB-060,Agung Berkah,JAKARTA BARAT,TAMANSARI,106.820283,-6.156967,CY
M-JKB-061,PT Kartika Eka Dharma,JAKARTA BARAT,KEMBANGAN,107.2483549,-6.250873707,CY
M-JKB-063,UD JAYA ABADI,JAKARTA BARAT,KALIDERES,106.699533,-6.169,CY
M-JKP-014,Bani Sutedja,JAKARTA PUSAT,JOHAR BARU,106.854883,-6.172233,CY
M-JKP-015,KOWI JAYA,JAKARTA PUSAT,JOHAR BARU,106.858617,-6.180667,CY
M-JKP-016,POLA (ID LAMA: ALIONG),JAKARTA PUSAT,JOHAR BARU,106.8578,-6.1756,CY
M-JKP-017,FREDDY,JAKARTA PUSAT,JOHAR BARU,106.8577,-6.1758,CY
M-JKP-018,YOHANES HARDI,JAKARTA PUSAT,JOHAR BARU,106.858533,-6.177367,CY
M-JKP-039,TAN SIN PO,JAKARTA PUSAT,JOHAR BARU,106.857917,-6.17555,CY
M-JKP-037,CV DUNIA UNGGAS,JAKARTA PUSAT,CEMPAKA PUTIH,106.857933,-6.174683,CY
M-JKP-009,IWAN,JAKARTA PUSAT,CEMPAKA PUTIH,106.857917,-6.17525,CY
M-JKP-007,Bapak Yohannes,JAKARTA PUSAT,CEMPAKA PUTIH,106.85945,-6.180017,CY
M-JKP-008,ADI JAYA,JAKARTA PUSAT,CEMPAKA PUTIH,106.859833,-6.180733,CY
M-JKP-010,ITO,JAKARTA PUSAT,CEMPAKA PUTIH,106.8604,-6.181067,CY
M-JKP-005,mawar,JAKARTA PUSAT,CEMPAKA PUTIH,106.8602,-6.18125,CY
M-JKP-020,UNGGAS JAYA MAKMUR,JAKARTA PUSAT,KEMAYORAN,106.8513,-6.165917,CY
M-JKP-040,UD. Dwi Tunggal Jaya,JAKARTA PUSAT,KEMAYORAN,106.870367,-6.15975,CY
M-JKP-041,Asa Broiler,JAKARTA PUSAT,KEMAYORAN,106.863233,-6.167567,CY
M-JKP-043,APUK,JAKARTA PUSAT,SENEN,106.841467,-6.173183,CY
M-JKP-044,Bapak Asiko,JAKARTA PUSAT,SENEN,106.842667,-6.1731,CY
M-JKP-045,Ronald,JAKARTA PUSAT,SENEN,106.838567,-6.170367,CY
M-JKP-046,Kisin,JAKARTA PUSAT,SENEN,106.84165,-6.17295,CY
M-JKP-047,SUBUR,JAKARTA PUSAT,CEMPAKA PUTIH,106.86055,-6.181183,CY
M-JKS-003,Amenah,JAKARTA SELATAN,KEBAYORAN LAMA,106.777483,-6.239917,CY
M-JKS-004,Maran,JAKARTA SELATAN,KEBAYORAN LAMA,107.2483549,-6.250873707,CY
M-JKS-007,Berkah Bersama,JAKARTA SELATAN,JAGAKARSA,106.833517,-6.331217,CY
M-JKS-011,SURATNO,JAKARTA SELATAN,JAGAKARSA,106.82905,-6.336883,CY
M-JKS-010,Pak Sadiran,JAKARTA SELATAN,JAGAKARSA,106.829283,-6.336867,CY
M-JKS-013,HARJONO,JAKARTA SELATAN,JAGAKARSA,106.829367,-6.336717,CY
M-JKS-014,SUYADI,JAKARTA SELATAN,JAGAKARSA,106.8378,-6.316283,CY
M-JKS-016,Bapak Susanto,JAKARTA SELATAN,TEBET,106.86205,-6.2176,CY
M-JKS-020,JUWANTO,JAKARTA SELATAN,TEBET,106.862017,-6.2176,CY
M-JKS-018,Sumarsih,JAKARTA SELATAN,TEBET,106.86285,-6.216967,CY
M-JKS-017,Sukoyo,JAKARTA SELATAN,TEBET,106.862833,-6.216967,CY
M-JKS-019,SUNARDI,JAKARTA SELATAN,TEBET,106.862933,-6.216933,CY
M-JKS-021,SARJU,JAKARTA SELATAN,TEBET,106.862733,-6.217033,CY
M-JKS-015,bapak kasmo,JAKARTA SELATAN,TEBET,106.861967,-6.21755,CY
M-JKS-023,MUKLIS,JAKARTA SELATAN,PASAR MINGGU,106.838317,-6.2905,CY
M-JKS-024,AJI SARTONO,JAKARTA SELATAN,PASAR MINGGU,106.840983,-6.28525,CY
M-JKS-035,AMARULLAH,JAKARTA SELATAN,KEBAYORAN LAMA,106.776567,-6.254017,CY
M-JKS-040,Ibu rahmalia/aisyah,JAKARTA SELATAN,KEBAYORAN BARU,107.2483549,-6.250873707,CY
M-JKS-041,MULYANTO,JAKARTA SELATAN,KEBAYORAN BARU,107.2483549,-6.250873707,CY
M-JKS-045,Pak Daryono,JAKARTA SELATAN,KEBAYORAN BARU,106.791083,-6.25865,CY
M-JKS-047,ARIF,JAKARTA SELATAN,KEBAYORAN BARU,106.791133,-6.258483,CY
M-JKS-043,KUBIL,JAKARTA SELATAN,KEBAYORAN BARU,106.79105,-6.25865,CY
M-JKS-046,Ibu Esti,JAKARTA SELATAN,KEBAYORAN BARU,106.791117,-6.258567,CY
M-JKS-042,Usaha Daging Bintang Barokah,JAKARTA SELATAN,KEBAYORAN BARU,106.7911,-6.258533,CY
M-JKS-048,BU UNTUNG,JAKARTA SELATAN,KEBAYORAN LAMA,106.771083,-6.2665,CY
M-JKS-049,H.Parno,JAKARTA SELATAN,KEBAYORAN LAMA,106.781483,-6.238217,CY
M-JKS-052,Kiki Sulaeman,JAKARTA SELATAN,KEBAYORAN LAMA,106.782283,-6.236283,CY
M-JKS-050,Purwanto,JAKARTA SELATAN,KEBAYORAN LAMA,107.2483549,-6.250873707,CY
M-JKS-051,Maman,JAKARTA SELATAN,KEBAYORAN LAMA,106.781617,-6.237333,CY
M-JKS-053,Yanto,JAKARTA SELATAN,KEBAYORAN LAMA,107.2483549,-6.250873707,CY
M-JKS-054,SISWOYO,JAKARTA SELATAN,KEBAYORAN LAMA,106.778167,-6.241133,CY
M-JKS-055,SUKARJO,JAKARTA SELATAN,KEBAYORAN LAMA,106.778183,-6.24105,CY
M-JKS-056,H.SUWANDI,JAKARTA SELATAN,KEBAYORAN LAMA,106.778183,-6.241133,CY
M-JKS-058,SUBROTO,JAKARTA SELATAN,KEBAYORAN LAMA,106.778133,-6.241183,CY
M-JKS-060,H. Nasyadi,JAKARTA SELATAN,KEBAYORAN LAMA,106.777783,-6.2403,CY
M-JKS-062,KUSWANTO,JAKARTA SELATAN,KEBAYORAN LAMA,106.77775,-6.241383,CY
M-JKS-059,H. Adnan,JAKARTA SELATAN,KEBAYORAN LAMA,106.777617,-6.240117,CY
M-JKS-057,SUPAJI,JAKARTA SELATAN,KEBAYORAN LAMA,107.2483549,-6.250873707,CY
M-JKS-061,SUDIRJO,JAKARTA SELATAN,KEBAYORAN LAMA,107.2483549,-6.250873707,CY
M-JKS-063,HARTOYO,JAKARTA SELATAN,KEBAYORAN LAMA,106.777967,-6.241167,CY
M-JKS-064,Darjak,JAKARTA SELATAN,KEBAYORAN LAMA,106.777817,-6.240533,CY
M-JKS-066,H.KASDULLAH,JAKARTA SELATAN,KEBAYORAN LAMA,106.777983,-6.240733,CY
M-JKS-065,H. Sarto,JAKARTA SELATAN,KEBAYORAN LAMA,106.777917,-6.240717,CY
M-JKS-067,Naji,JAKARTA SELATAN,KEBAYORAN LAMA,107.2483549,-6.250873707,CY
M-JKS-068,SUJAI,JAKARTA SELATAN,KEBAYORAN LAMA,106.778017,-6.24085,CY
M-JKS-069,Rais Saputro,JAKARTA SELATAN,KEBAYORAN LAMA,106.777817,-6.240317,CY
M-JKS-071,Mat Kafani,JAKARTA SELATAN,KEBAYORAN LAMA,106.777567,-6.241567,CY
M-JKS-072,Bapak Masudi,JAKARTA SELATAN,KEBAYORAN LAMA,106.777733,-6.240333,CY
M-JKS-073,H. Saroji,JAKARTA SELATAN,KEBAYORAN LAMA,106.7777,-6.240167,CY
M-JKS-074,Bapak H. Ngatmolan,JAKARTA SELATAN,KEBAYORAN LAMA,106.777917,-6.240783,CY
M-JKS-075,Supandri,JAKARTA SELATAN,KEBAYORAN LAMA,107.2483549,-6.250873707,CY
M-JKS-076,Pak Wisnu,JAKARTA SELATAN,KEBAYORAN LAMA,106.777567,-6.240117,CY
M-JKS-077,SUPRIADI,JAKARTA SELATAN,KEBAYORAN LAMA,106.793267,-6.21215,CY
M-JKS-078,WARIYONO,JAKARTA SELATAN,KEBAYORAN LAMA,106.793517,-6.212683,CY
M-JKS-079,AYUNISA,JAKARTA SELATAN,KEBAYORAN LAMA,106.793433,-6.2124,CY
M-JKS-080,Wiki CS,JAKARTA SELATAN,KEBAYORAN LAMA,107.2483549,-6.250873707,CY
M-JKS-081,Ibu Suti,JAKARTA SELATAN,KEBAYORAN LAMA,106.793483,-6.212483,CY
M-JKS-082,SUNARDI,JAKARTA SELATAN,KEBAYORAN LAMA,107.2483549,-6.250873707,CY
M-JKS-084,Yono,JAKARTA SELATAN,JAGAKARSA,106.801833,-6.3323,CY
M-JKS-085,Harapan Maju,JAKARTA SELATAN,JAGAKARSA,106.808433,-6.324933,CY
M-JKS-094,Sumarjono,JAKARTA SELATAN,CILANDAK,106.8037,-6.303767,CY
M-JKS-092,SULTONI,JAKARTA SELATAN,PASAR MINGGU,106.841,-6.28525,CY
M-JKS-090,MUKLIS NURJAYA,JAKARTA SELATAN,PASAR MINGGU,106.83815,-6.290333,CY
M-JKS-093,TOBARI,JAKARTA SELATAN,PASAR MINGGU,106.840917,-6.285,CY
M-JKS-091,ROB,JAKARTA SELATAN,PASAR MINGGU,107.2483549,-6.250873707,CY
M-JKS-086,Suwito,JAKARTA SELATAN,JAGAKARSA,106.829083,-6.3371,CY
M-JKS-096,LENGGAR,JAKARTA SELATAN,PESANGGRAHAN,106.75935,-6.225483,CY
M-JKS-095,PURMIYANTO,JAKARTA SELATAN,PESANGGRAHAN,106.754283,-6.22855,CY
M-JKS-098,Ibu Iyem/Suef,JAKARTA SELATAN,MAMPANG PRAPATAN,106.818583,-6.236967,CY
M-JKS-099,Pak Alm Mujiatno/Pak Anton,JAKARTA SELATAN,MAMPANG PRAPATAN,106.818167,-6.236767,CY
M-JKS-097,Sunaryo,JAKARTA SELATAN,MAMPANG PRAPATAN,106.82325,-6.254283,CY
M-JKS-102,M.Arif,JAKARTA SELATAN,PANCORAN,106.832283,-6.2531,CY
M-JKS-100,Semo,JAKARTA SELATAN,TEBET,106.862617,-6.217117,CY
M-JKS-101,H. hanafi,JAKARTA SELATAN,TEBET,106.858567,-6.227633,CY
M-JKS-104,bapak wasidi,JAKARTA SELATAN,KEBAYORAN LAMA,106.793483,-6.212483,CY
M-JKS-113,H. SUMONO,JAKARTA SELATAN,JAGAKARSA,106.80805,-6.324617,CY
M-JKS-116,TUKIMIN,JAKARTA SELATAN,JAGAKARSA,106.80195,-6.3323,CY
M-JKS-121,SLAMET RIADI,JAKARTA SELATAN,PASAR MINGGU,106.853767,-6.294983,CY
M-JKS-125,WATI,JAKARTA SELATAN,PASAR MINGGU,106.842683,-6.295767,CY
M-JKS-126,SUMIATI,JAKARTA SELATAN,PASAR MINGGU,106.834533,-6.281133,CY
M-JKS-128,PAI,JAKARTA SELATAN,PASAR MINGGU,106.845383,-6.2872,CY
M-JKS-132,HENDRA,JAKARTA SELATAN,CILANDAK,106.8568,-6.235117,CY
M-JKS-133,PURWADI,JAKARTA SELATAN,CILANDAK,106.856817,-6.2349,CY
M-JKS-131,AMIN,JAKARTA SELATAN,CILANDAK,106.856517,-6.234367,CY
M-JKS-134,ISWANDI,JAKARTA SELATAN,CILANDAK,106.805883,-6.274067,CY
M-JKS-135,H. ROHMANI,JAKARTA SELATAN,CILANDAK,106.8038,-6.27495,CY
M-JKS-136,H. SOLIHIN,JAKARTA SELATAN,CILANDAK,106.795333,-6.2867,CY
M-JKS-137,KUSRIHATI,JAKARTA SELATAN,CILANDAK,106.795333,-6.286717,CY
M-JKS-138,TARNO,JAKARTA SELATAN,CILANDAK,106.795317,-6.286717,CY
M-JKS-141,H.HASBULLAH,JAKARTA SELATAN,PESANGGRAHAN,106.767467,-6.236167,CY
M-JKS-143,KAMILI,JAKARTA SELATAN,PESANGGRAHAN,106.76745,-6.236083,CY
M-JKS-142,H.SULI,JAKARTA SELATAN,PESANGGRAHAN,106.767433,-6.236367,CY
M-JKS-140,BADRIAH,JAKARTA SELATAN,PESANGGRAHAN,106.767717,-6.235783,CY
M-JKS-139,PONIRIN (AL AMIN / MPOK MAS BJ),JAKARTA SELATAN,PESANGGRAHAN,106.767483,-6.236267,CY
M-JKS-146,DASIRIN,JAKARTA SELATAN,PESANGGRAHAN,106.75455,-6.226867,CY
M-JKS-147,AMIR,JAKARTA SELATAN,PESANGGRAHAN,106.754583,-6.22755,CY
M-JKS-149,KIOS JOKO TRIONO PUR,JAKARTA SELATAN,PESANGGRAHAN,106.7611,-6.256833,CY
M-JKS-148,WARTI,JAKARTA SELATAN,PESANGGRAHAN,106.760717,-6.256917,CY
M-JKS-150,SUDARMAJI,JAKARTA SELATAN,PESANGGRAHAN,106.761033,-6.256817,CY
M-JKS-154,SURATMI,JAKARTA SELATAN,PESANGGRAHAN,106.76105,-6.256817,CY
M-JKS-151,,JAKARTA SELATAN,PESANGGRAHAN,107.2483549,-6.250873707,CY
M-JKS-152,JUMINAH,JAKARTA SELATAN,PESANGGRAHAN,106.75665,-6.254083,CY
M-JKS-153,MERIL,JAKARTA SELATAN,PESANGGRAHAN,106.760733,-6.2569,CY
M-JKS-157,SUHARDI,JAKARTA SELATAN,MAMPANG PRAPATAN,106.825083,-6.254817,CY
M-JKS-158,YANTO,JAKARTA SELATAN,MAMPANG PRAPATAN,106.825167,-6.2547,CY
M-JKS-156,SAMSUDIN,JAKARTA SELATAN,MAMPANG PRAPATAN,106.8246,-6.25475,CY
M-JKS-159,MINGAN,JAKARTA SELATAN,MAMPANG PRAPATAN,106.824533,-6.25505,CY
M-JKS-161,ISRON,JAKARTA SELATAN,MAMPANG PRAPATAN,106.825933,-6.24815,CY
M-JKS-160,SISWOYO,JAKARTA SELATAN,MAMPANG PRAPATAN,106.8252,-6.2547,CY
M-JKS-163,SUPINI,JAKARTA SELATAN,MAMPANG PRAPATAN,106.818133,-6.2376,CY
M-JKS-167,SARJONO,JAKARTA SELATAN,MAMPANG PRAPATAN,106.818117,-6.237317,CY
M-JKS-166,SURATMAN,JAKARTA SELATAN,MAMPANG PRAPATAN,106.818033,-6.237967,CY
M-JKS-164,SAYEM,JAKARTA SELATAN,MAMPANG PRAPATAN,106.818433,-6.237533,CY
M-JKS-165,HARJIMIN,JAKARTA SELATAN,MAMPANG PRAPATAN,106.818733,-6.2362,CY
M-JKS-169,RUKIMIN,JAKARTA SELATAN,MAMPANG PRAPATAN,106.8181,-6.237833,CY
M-JKS-170,SULASMI,JAKARTA SELATAN,MAMPANG PRAPATAN,106.818717,-6.236483,CY
M-JKS-172,SURATNO,JAKARTA SELATAN,MAMPANG PRAPATAN,106.818767,-6.2363,CY
M-JKS-171,SUSI SUSANTI,JAKARTA SELATAN,MAMPANG PRAPATAN,106.818717,-6.236483,CY
M-JKS-173,YUDI,JAKARTA SELATAN,MAMPANG PRAPATAN,106.835117,-6.245383,CY
M-JKS-174,Ibu H. Widodo,JAKARTA SELATAN,TEBET,106.8565,-6.23455,CY
M-JKS-176,Rais,JAKARTA SELATAN,TEBET,106.862033,-6.21775,CY
M-JKS-178,Ibu Rumiati,JAKARTA SELATAN,TEBET,106.86205,-6.21775,CY
M-JKS-177,Syamsudin,JAKARTA SELATAN,TEBET,106.862083,-6.21775,CY
M-JKS-182,Ibu Marsini,JAKARTA SELATAN,PANCORAN,106.82665,-6.256367,CY
M-JKS-181,Ibu Masto,JAKARTA SELATAN,PANCORAN,106.82665,-6.256367,CY
M-JKS-183,Sarwani,JAKARTA SELATAN,PANCORAN,106.836317,-6.248883,CY
M-JKS-184,Karmi,JAKARTA SELATAN,PANCORAN,106.836533,-6.250017,CY
M-JKS-185,Fachrudin,JAKARTA SELATAN,PANCORAN,106.836367,-6.2495,CY
M-JKS-186,IBU RUBIYEM,JAKARTA SELATAN,PANCORAN,106.85085,-6.247983,CY
M-JKS-187,BAPAK RAHMAT,JAKARTA SELATAN,PANCORAN,106.855217,-6.241117,CY
M-JKS-188,B.BUMIATUN,JAKARTA SELATAN,PANCORAN,106.855217,-6.241117,CY
M-JKS-189,Agus,JAKARTA SELATAN,PANCORAN,106.85105,-6.245017,CY
M-JKS-190,IBU SUJINA,JAKARTA SELATAN,PANCORAN,106.848733,-6.245517,CY
M-JKS-191,TPNU SALAM,JAKARTA SELATAN,SETIA BUDI,107.2483549,-6.250873707,CY
M-JKS-192,SRIDADI,JAKARTA SELATAN,SETIA BUDI,107.2483549,-6.250873707,CY
M-JKS-193,,JAKARTA SELATAN,SETIA BUDI,107.2483549,-6.250873707,CY
M-JKS-194,KIOS SUCIPTO,JAKARTA SELATAN,SETIA BUDI,106.8223,-6.208033,CY
M-JKT-007,Tati Jaya,JAKARTA TIMUR,PULOGADUNG,106.875117,-6.21445,CY
M-JKT-002,H.BIDIN,JAKARTA TIMUR,PULOGADUNG,106.874567,-6.214833,CY
M-JKT-008,Aswan,JAKARTA TIMUR,PULOGADUNG,106.8751,-6.214467,CY
M-JKT-001,H.BIDIN,JAKARTA TIMUR,PULOGADUNG,106.874383,-6.214367,CY
M-JKT-009,TOMY,JAKARTA TIMUR,PULOGADUNG,106.874683,-6.21455,CY
M-JKT-004,Fitra Karya Mandiri,JAKARTA TIMUR,PULOGADUNG,106.874917,-6.214267,CY
M-JKT-003,H.RAHMAT/SRI,JAKARTA TIMUR,PULOGADUNG,106.874883,-6.2147,CY
M-JKT-010,Muhammad Fauzi,JAKARTA TIMUR,PULOGADUNG,106.87505,-6.214433,CY
M-JKT-005,Ahmad Nur Azis/Putra Jaya Mandiri,JAKARTA TIMUR,PULOGADUNG,106.8751,-6.214483,CY
M-JKT-006,Hadi,JAKARTA TIMUR,PULOGADUNG,106.875033,-6.21445,CY
M-JKT-011,PALAD JAYA,JAKARTA TIMUR,PULOGADUNG,106.9024,-6.184133,CY
M-JKT-126,Hendry pamino,JAKARTA TIMUR,PULOGADUNG,106.904317,-6.189183,CY
M-JKT-023,Rizal Mirfai,JAKARTA TIMUR,PULOGADUNG,107.2483549,-6.250873707,CY
M-JKT-024,,JAKARTA TIMUR,PULOGADUNG,107.2483549,-6.250873707,CY
M-JKT-025,Hendrik,JAKARTA TIMUR,PULOGADUNG,107.2483549,-6.250873707,CY
M-JKT-026,KANDOW,JAKARTA TIMUR,PULOGADUNG,107.2483549,-6.250873707,CY
M-JKT-032,Agung Sujono,JAKARTA TIMUR,PULOGADUNG,107.2483549,-6.250873707,CY
M-JKT-036,Suwarto,JAKARTA TIMUR,PULOGADUNG,107.2483549,-6.250873707,CY
M-JKT-042,Aji mas,JAKARTA TIMUR,PULOGADUNG,106.904733,-6.190867,CY
M-JKT-040,Dwi sakti,JAKARTA TIMUR,PULOGADUNG,106.904783,-6.190683,CY
M-JKT-030,AKRI/MAKMUR JAYA,JAKARTA TIMUR,PULOGADUNG,106.90485,-6.190517,CY
M-JKT-013,Sumber rezeki,JAKARTA TIMUR,PULOGADUNG,106.90475,-6.237517,CY
M-JKT-015,Rejo Rejeki,JAKARTA TIMUR,PULOGADUNG,106.904767,-6.18805,CY
M-JKT-134,Bapak Yitno,JAKARTA TIMUR,PULOGADUNG,106.904733,-6.18765,CY
M-JKT-037,Ardi Lawet,JAKARTA TIMUR,PULOGADUNG,106.90475,-6.190483,CY
M-JKT-028,KUSNIWATININGSIH/UD ROSALLA,JAKARTA TIMUR,PULOGADUNG,106.9048,-6.1907,CY
M-JKT-045,UD Langgeng Jaya,JAKARTA TIMUR,PULOGADUNG,106.905133,-6.1908,CY
M-JKT-031,JONI/MUSI ARAWAS,JAKARTA TIMUR,PULOGADUNG,106.905067,-6.190567,CY
M-JKT-044,Pak Zaenal Abidin,JAKARTA TIMUR,PULOGADUNG,106.905067,-6.190833,CY
M-JKT-041,Jaya Asri,JAKARTA TIMUR,PULOGADUNG,106.904867,-6.190783,CY
M-JKT-131,SATRIA SURYA ABADI,JAKARTA TIMUR,PULOGADUNG,106.904633,-6.1886,CY
M-JKT-018,H. Abidin,JAKARTA TIMUR,PULOGADUNG,106.90465,-6.238367,CY
M-JKT-129,H.JUWARDI,JAKARTA TIMUR,PULOGADUNG,106.90435,-6.188917,CY
M-JKT-035,Rizki jaya,JAKARTA TIMUR,PULOGADUNG,106.90465,-6.1906,CY
M-JKT-012,Gemini,JAKARTA TIMUR,PULOGADUNG,106.9047,-6.1874,CY
M-JKT-130,DWI PUTRI UNGGAS,JAKARTA TIMUR,PULOGADUNG,106.904483,-6.188867,CY
M-JKT-014,CV FACHRUL JAYA,JAKARTA TIMUR,PULOGADUNG,106.9047,-6.1879,CY
M-JKT-033,tiga harapan,JAKARTA TIMUR,PULOGADUNG,106.904717,-6.190417,CY
M-JKT-132,UD. S.Suroso,JAKARTA TIMUR,PULOGADUNG,106.904567,-6.18865,CY
M-JKT-039,pak sutrisno,JAKARTA TIMUR,PULOGADUNG,106.904733,-6.1904,CY
M-JKT-034,kesi asih jaya,JAKARTA TIMUR,PULOGADUNG,106.904733,-6.1904,CY
M-JKT-017,Sido Mullyo,JAKARTA TIMUR,PULOGADUNG,106.904733,-6.189167,CY
M-JKT-128,Sawung seto,JAKARTA TIMUR,PULOGADUNG,106.9043,-6.23935,CY
M-JKT-027,Rejo Rejeki,JAKARTA TIMUR,PULOGADUNG,106.9042,-6.18915,CY
M-JKT-127,SAMBAS,JAKARTA TIMUR,PULOGADUNG,106.904317,-6.189217,CY
M-JKT-038,Pak Mustaqin/wahyu,JAKARTA TIMUR,PULOGADUNG,106.904833,-6.190583,CY
M-JKT-029,UD MANDIRI,JAKARTA TIMUR,PULOGADUNG,106.904883,-6.19065,CY
M-JKT-043,pak junaedi,JAKARTA TIMUR,PULOGADUNG,106.90495,-6.19085,CY
M-JKT-019-CY,Pasar Perumnas Klender,JAKARTA TIMUR,DUREN SAWIT,106.93105,-6.222233,CY
M-JKT-046,Fachrul Jaya,JAKARTA TIMUR,PULOGADUNG,106.905017,-6.184667,CY
M-JKT-048,ARTHA SURYA,JAKARTA TIMUR,PULOGADUNG,106.90505,-6.184583,CY
M-JKT-047,Tiga Harapan,JAKARTA TIMUR,PULOGADUNG,106.9051,-6.18455,CY
M-JKT-049,PARMANTO/CAHAYA ARIF,JAKARTA TIMUR,PULOGADUNG,106.905,-6.184633,CY
M-JKT-050-CY,Pasar Jaya Palmeriam,JAKARTA TIMUR,MATRAMAN,106.8604,-6.205733,CY
M-JKT-053,JAYA KUSUMA,JAKARTA TIMUR,MATRAMAN,106.87,-6.205533,CY
M-JKT-051,Sumarjo,JAKARTA TIMUR,MATRAMAN,106.867917,-6.20115,CY
M-JKT-059,Antoko,JAKARTA TIMUR,MATRAMAN,106.869367,-6.208567,CY
M-JKT-055,H. JAFAR,JAKARTA TIMUR,MATRAMAN,106.8673,-6.205117,CY
M-JKT-058,YUDHO BRAHMANTO,JAKARTA TIMUR,MATRAMAN,106.867317,-6.20535,CY
M-JKT-056,IBU HJ SARENG,JAKARTA TIMUR,MATRAMAN,106.8676,-6.2073,CY
M-JKT-057,Amanah Baru,JAKARTA TIMUR,MATRAMAN,106.866483,-6.205867,CY
M-JKT-054,CV. Sinar Jaya Sinar Angkasa,JAKARTA TIMUR,MATRAMAN,106.869733,-6.206,CY
M-JKT-052,SAWAH,JAKARTA TIMUR,MATRAMAN,106.869467,-6.203583,CY
M-JKT-065,MARGANI,JAKARTA TIMUR,MATRAMAN,106.871083,-6.208967,CY
M-JKT-061,UD. MITRA USAHA,JAKARTA TIMUR,MATRAMAN,106.871067,-6.209133,CY
M-JKT-060,UD JAYA MANDIRI,JAKARTA TIMUR,MATRAMAN,106.872833,-6.2097,CY
M-JKT-062,UD HANDAYANI,JAKARTA TIMUR,MATRAMAN,106.87135,-6.209217,CY
M-JKT-063,HJ. SAMIOHADI,JAKARTA TIMUR,MATRAMAN,106.870883,-6.209117,CY
M-JKT-064,,JAKARTA TIMUR,MATRAMAN,106.87095,-6.209067,CY
M-JKT-067,tri jaya,JAKARTA TIMUR,MATRAMAN,106.87005,-6.208217,CY
M-JKT-068,UD. Tini,JAKARTA TIMUR,MATRAMAN,106.8709,-6.209033,CY
M-JKT-066,MB ENDANG,JAKARTA TIMUR,MATRAMAN,106.87115,-6.20895,CY
M-JKT-078,WIYONO,JAKARTA TIMUR,CAKUNG,106.919383,-6.192017,CY
M-JKT-085,,JAKARTA TIMUR,CAKUNG,107.2483549,-6.250873707,CY
M-JKT-086,,JAKARTA TIMUR,CAKUNG,107.2483549,-6.250873707,CY
M-JKT-083,mulyono,JAKARTA TIMUR,CAKUNG,106.920883,-6.1872,CY
M-JKT-070,CAHYANTI UTAMI,JAKARTA TIMUR,CAKUNG,106.920883,-6.187283,CY
M-JKT-082,Triyono,JAKARTA TIMUR,CAKUNG,106.920883,-6.187183,CY
M-JKT-081,AGUS SUPARYANTO,JAKARTA TIMUR,CAKUNG,106.920883,-6.187367,CY
M-JKT-076,Thomy Wibisono,JAKARTA TIMUR,CAKUNG,106.920883,-6.1871,CY
M-JKT-071,Sugito,JAKARTA TIMUR,CAKUNG,106.920883,-6.18745,CY
M-JKT-069,H.LASTO,JAKARTA TIMUR,CAKUNG,106.920883,-6.187417,CY
M-JKT-084,Sugimin,JAKARTA TIMUR,CAKUNG,106.920867,-6.187017,CY
M-JKT-079,HJ.RODIAH,JAKARTA TIMUR,CAKUNG,106.920867,-6.1868,CY
M-JKT-080,Hj. Sujiarmi,JAKARTA TIMUR,CAKUNG,106.920867,-6.187,CY
M-JKT-077,Siti Barokah,JAKARTA TIMUR,CAKUNG,106.920883,-6.1871,CY
M-JKT-075,SUEB,JAKARTA TIMUR,CAKUNG,106.919383,-6.192,CY
M-JKT-073,GILANG,JAKARTA TIMUR,CAKUNG,106.919383,-6.192,CY
M-JKT-072,EKO,JAKARTA TIMUR,CAKUNG,106.91945,-6.193333,CY
M-JKT-087-CY,Pasar Ujung Menteng,JAKARTA TIMUR,CAKUNG,106.9658,-6.1907,CY
M-JKT-089,Mandiri Jaya,JAKARTA TIMUR,CAKUNG,106.960583,-6.182017,CY
M-JKT-088,Tri jaya unggas,JAKARTA TIMUR,CAKUNG,107.2483549,-6.250873707,CY
M-JKT-090,,JAKARTA TIMUR,CAKUNG,106.9371,-6.185567,CY
M-JKT-091-CY,PASAR PJKA LOKOMOTIF,JAKARTA TIMUR,JATINEGARA,106.867183,-6.215433,CY
M-JKT-092-CY,Pasar Ciplak,JAKARTA TIMUR,JATINEGARA,106.881317,-6.236083,CY
M-JKT-093-CY,Pasar Jatinegara,JAKARTA TIMUR,JATINEGARA,106.865083,-6.2168,CY
M-JKT-094,UD Rahayu,JAKARTA TIMUR,DUREN SAWIT,107.2483549,-6.250873707,CY
M-JKT-095,H.SOLEH,JAKARTA TIMUR,CIPAYUNG,106.897467,-6.327267,CY
M-JKT-096,H.KANAPI,JAKARTA TIMUR,CIPAYUNG,106.89785,-6.327633,CY
M-JKT-097,ZAIDUN,JAKARTA TIMUR,CIPAYUNG,106.89795,-6.32765,CY
M-JKT-098,H. Daud,JAKARTA TIMUR,CIPAYUNG,106.897917,-6.327767,CY
M-JKT-099,Slamet,JAKARTA TIMUR,CIPAYUNG,106.898567,-6.3281,CY
M-JKT-100-CY,H.DALIH,JAKARTA TIMUR,CIPAYUNG,106.892683,-6.350183,CY
M-JKT-102,SURAJI,JAKARTA TIMUR,CIRACAS,106.875667,-6.351183,CY
M-JKT-101,H.Sudarsono,JAKARTA TIMUR,CIPAYUNG,106.875833,-6.351067,CY
M-JKT-103,MASUDIN,JAKARTA TIMUR,CIRACAS,106.876217,-6.351533,CY
M-JKT-104,,JAKARTA TIMUR,CIRACAS,106.879533,-6.36275,CY
M-JKT-105,WARJU,JAKARTA TIMUR,CIRACAS,106.871883,-6.34625,CY
M-JKT-106,PD. Pareanon,JAKARTA TIMUR,MAKASAR,106.891717,-6.239683,CY
M-JKT-107,HANDAYANI,JAKARTA TIMUR,MAKASAR,106.891617,-6.239933,CY
M-JKT-108,Sayono,JAKARTA TIMUR,MAKASAR,106.890817,-6.239683,CY
M-JKT-109,H.AGUS,JAKARTA TIMUR,MAKASAR,106.891517,-6.239783,CY
M-JKT-110,Berkah Abadi,JAKARTA TIMUR,MAKASAR,106.88775,-6.239983,CY
M-JKT-111,UD TELAGA MAKMUR,JAKARTA TIMUR,MAKASAR,106.889783,-6.24145,CY
M-JKT-112,Pak Sibarani,JAKARTA TIMUR,KRAMATJATI,106.872167,-6.2681,CY
M-JKT-113-CY,Pasar Kramatjati,JAKARTA TIMUR,KRAMATJATI,106.867933,-6.267983,CY
M-JKT-114,PD Pasar Minggu,JAKARTA TIMUR,KRAMATJATI,106.87225,-6.2876,CY
M-JKT-115-CY,PASAR CIJANTUNG (ISNAINI),JAKARTA TIMUR,PASARREBO,106.863517,-6.307667,CY
M-JKT-117-CY,PD PASAR JAYA CIRACAS (MIDIANTO),JAKARTA TIMUR,CIRACAS,106.871933,-6.329917,CY
M-JKT-118-CY,PD PASAR JAYA CIBUBUR (WARJU),JAKARTA TIMUR,CIRACAS,106.87225,-6.3456,CY
M-JKT-120-CY,Pasar Jaya Rawamangun,JAKARTA TIMUR,PULOGADUNG,106.890083,-6.198683,CY
M-JKT-121-CY,PASAR KLENDER SS (IYEM),JAKARTA TIMUR,CAKUNG,106.90195,-6.21295,CY
M-JKT-122-CY,Pasar Enjo,JAKARTA TIMUR,PULOGADUNG,106.875633,-6.212367,CY
M-JKT-123-CY,Pasar Pulogadung,JAKARTA TIMUR,PULOGADUNG,106.904983,-6.187133,CY
M-JKT-124-CY,Pasar Ampera,JAKARTA TIMUR,PULOGADUNG,106.884667,-6.1861,CY
M-JKT-136,Sutarni,JAKARTA TIMUR,PULOGADUNG,106.904483,-6.1888,CY
M-JKT-170,dewa cita,JAKARTA TIMUR,PULOGADUNG,106.920233,-6.19685,CY
M-JKT-154,Wiyono,JAKARTA TIMUR,PULOGADUNG,106.920367,-6.19675,CY
M-JKT-171,Bapak Doran,JAKARTA TIMUR,PULOGADUNG,106.920233,-6.188517,CY
M-JKT-151,Sugimin,JAKARTA TIMUR,PULOGADUNG,106.920117,-6.196533,CY
M-JKT-149,Bapak tommy,JAKARTA TIMUR,PULOGADUNG,106.920033,-6.196467,CY
M-JKT-150,ibu yanti,JAKARTA TIMUR,PULOGADUNG,106.920033,-6.1964,CY
M-JKT-167,Suhadi,JAKARTA TIMUR,PULOGADUNG,106.920083,-6.19615,CY
M-JKT-152,Junaedi,JAKARTA TIMUR,PULOGADUNG,106.920267,-6.196617,CY
M-JKT-156,Lasto jaya,JAKARTA TIMUR,PULOGADUNG,106.9202,-6.19655,CY
M-JKT-157,H.SUGITO,JAKARTA TIMUR,PULOGADUNG,106.920133,-6.19665,CY
M-JKT-158,H.SLAMET,JAKARTA TIMUR,PULOGADUNG,106.920133,-6.196383,CY
M-JKT-153,H.IKA,JAKARTA TIMUR,PULOGADUNG,106.92015,-6.1968,CY
M-JKT-159,H. Jafar,JAKARTA TIMUR,PULOGADUNG,106.920117,-6.196033,CY
M-JKT-164,Ca'man/Dasiman,JAKARTA TIMUR,PULOGADUNG,106.91995,-6.196317,CY
M-JKT-148,SRIYONO,JAKARTA TIMUR,PULOGADUNG,106.919967,-6.1964,CY
M-JKT-168,PT Putra Jaya Kusuma,JAKARTA TIMUR,PULOGADUNG,106.919983,-6.196133,CY
M-JKT-146,MULYONO,JAKARTA TIMUR,PULOGADUNG,106.919983,-6.19645,CY
M-JKT-165,Bapak Imam,JAKARTA TIMUR,PULOGADUNG,106.91995,-6.196383,CY
M-JKT-176,JAMBANG,JAKARTA TIMUR,PULOGADUNG,106.91985,-6.196933,CY
M-JKT-174,CAHAYA FAJAR,JAKARTA TIMUR,PULOGADUNG,106.9198,-6.197067,CY
M-JKT-147,DARYONO,JAKARTA TIMUR,PULOGADUNG,106.9199,-6.196433,CY
M-JKT-145,Ayam Kampung TD,JAKARTA TIMUR,PULOGADUNG,106.919817,-6.1964,CY
M-JKT-162,Ryan,JAKARTA TIMUR,PULOGADUNG,106.919917,-6.19615,CY
M-JKT-163,Suaib,JAKARTA TIMUR,PULOGADUNG,106.9199,-6.196167,CY
M-JKT-137,Tyen Kwet Sin,JAKARTA TIMUR,PULOGADUNG,106.904817,-6.188933,CY
M-JKT-138,MEKARSARI,JAKARTA TIMUR,PULOGADUNG,106.904833,-6.188317,CY
M-JKT-142,MANGGOLO YUDHO,JAKARTA TIMUR,PULOGADUNG,106.904567,-6.18795,CY
M-JKT-141,WAHYANTI,JAKARTA TIMUR,PULOGADUNG,106.904467,-6.187917,CY
M-JKT-139,Megajaya,JAKARTA TIMUR,PULOGADUNG,106.90435,-6.237983,CY
M-JKT-140,Mitra Sejati Unggas,JAKARTA TIMUR,PULOGADUNG,106.90435,-6.187967,CY
M-JKT-143,SUPARNO/MULYONO,JAKARTA TIMUR,PULOGADUNG,106.904717,-6.18845,CY
M-JKT-144,Murni jaya,JAKARTA TIMUR,PULOGADUNG,106.904317,-6.237267,CY
M-JKT-135,Bambang Sukanto,JAKARTA TIMUR,PULOGADUNG,107.2483549,-6.250873707,CY
M-JKT-160,Kusnasari,JAKARTA TIMUR,PULOGADUNG,107.2483549,-6.250873707,CY
M-JKT-161,,JAKARTA TIMUR,PULOGADUNG,107.2483549,-6.250873707,CY
M-JKT-166,,JAKARTA TIMUR,PULOGADUNG,107.2483549,-6.250873707,CY
M-JKT-169,,JAKARTA TIMUR,PULOGADUNG,107.2483549,-6.250873707,CY
M-JKT-172,,JAKARTA TIMUR,PULOGADUNG,107.2483549,-6.250873707,CY
M-JKT-173,SUPRAPTO,JAKARTA TIMUR,PULOGADUNG,107.2483549,-6.250873707,CY
M-JKT-175,TIMIN,JAKARTA TIMUR,PULOGADUNG,107.2483549,-6.250873707,CY
M-JKT-177,BAGIO,JAKARTA TIMUR,PULOGADUNG,107.2483549,-6.250873707,CY
M-JKT-178,SOFYAN,JAKARTA TIMUR,PULOGADUNG,107.2483549,-6.250873707,CY
M-JKT-155,H. Triyanto,JAKARTA TIMUR,PULOGADUNG,106.920383,-6.196733,CY
M-JKT-179,H.ENDANG,JAKARTA TIMUR,PULOGADUNG,107.2483549,-6.250873707,CY
M-JKT-180,MUGI,JAKARTA TIMUR,PULOGADUNG,107.2483549,-6.250873707,CY
M-JKT-181,LOMBA,JAKARTA TIMUR,PULOGADUNG,107.2483549,-6.250873707,CY
M-JKT-182,Samio Hadi,JAKARTA TIMUR,PULOGADUNG,106.920083,-6.19615,CY
M-JKT-184,SATIO,JAKARTA TIMUR,PULOGADUNG,107.2483549,-6.250873707,CY
M-JKT-185,Bambang,JAKARTA TIMUR,PULOGADUNG,107.2483549,-6.250873707,CY
M-JKT-186,Hendra,JAKARTA TIMUR,PULOGADUNG,107.2483549,-6.250873707,CY
M-JKT-187,Daiman,JAKARTA TIMUR,PULOGADUNG,107.2483549,-6.250873707,CY
M-JKT-188,Samiyanto,JAKARTA TIMUR,PULOGADUNG,107.2483549,-6.250873707,CY
M-JKT-189,SINAR FAJAR / SINAR ANGKASA,JAKARTA TIMUR,MATRAMAN,106.869617,-6.206033,CY
M-JKT-190,CAGAR ALAM,JAKARTA TIMUR,MATRAMAN,106.87095,-6.209067,CY
M-JKT-191,MARGO MULYO,JAKARTA TIMUR,MATRAMAN,106.870667,-6.20945,CY
M-JKT-192,Maju Bersama,JAKARTA TIMUR,MATRAMAN,106.87295,-6.2097,CY
M-JKT-193,Mega Jaya,JAKARTA TIMUR,PULOGADUNG,106.87595,-6.21455,CY
M-JKT-194,Sawung Mas,JAKARTA TIMUR,PULOGADUNG,106.905033,-6.184633,CY
M-JKT-195,Zaenal Abidin,JAKARTA TIMUR,PULOGADUNG,106.919883,-6.196767,CY
M-JKT-196,UD CENDRAWASIH,JAKARTA TIMUR,MATRAMAN,106.870733,-6.209267,CY
M-JKU-001,HENDRIK,JAKARTA UTARA,CILINCING,106.92085,-6.103233,CY
M-JKU-002,ROFIQ,JAKARTA UTARA,CILINCING,106.93085,-6.098517,CY
M-JKU-003,AMIN SUSANTO,JAKARTA UTARA,CILINCING,106.93505,-6.10335,CY
M-JKU-004,SUMBER JAYA / DJABIDIN,JAKARTA UTARA,CILINCING,106.925667,-6.104833,CY
M-JKU-005,HENDRA,JAKARTA UTARA,CILINCING,106.9245,-6.100917,CY
M-JKU-006,TPnU Saprudin,JAKARTA UTARA,CILINCING,106.938783,-6.10245,CY
M-JKU-008,Moko Supplier,JAKARTA UTARA,CILINCING,106.936067,-6.112467,CY
M-JKU-011,Surjana,JAKARTA UTARA,TANJUNG PRIOK,107.2483549,-6.250873707,CY
M-JKU-021,,JAKARTA UTARA,PADEMANGAN,106.846467,-6.130633,CY
M-JKU-059,KRISTANTO,JAKARTA UTARA,CILINCING,106.948417,-6.1101,CY
M-JKU-060,DWIJO SUMARMO,JAKARTA UTARA,CILINCING,106.948,-6.110117,CY
M-JKU-061,pak rasim,JAKARTA UTARA,CILINCING,106.948533,-6.110083,CY
M-JKU-062,Sukohardjo Makmur,JAKARTA UTARA,CILINCING,106.919217,-6.109033,CY
M-JKU-063,Lasa,JAKARTA UTARA,CILINCING,106.9484,-6.110117,CY
M-JKU-064,TPnU Aminuddin,JAKARTA UTARA,CILINCING,106.947867,-6.110033,CY
M-JKU-066,Ahyani,JAKARTA UTARA,CILINCING,106.948233,-6.110133,CY
M-JKU-067,Surip,JAKARTA UTARA,CILINCING,106.948367,-6.110117,CY
M-JKU-068,SAPRUDIN/CASPUDIN,JAKARTA UTARA,CILINCING,106.9478,-6.11015,CY
M-JKU-092,SUBROTO,JAKARTA UTARA,PENJARINGAN,106.781733,-6.137467,CY
M-JKU-090,AYAM POTONG 139/ HARYANTO,JAKARTA UTARA,PENJARINGAN,106.78955,-6.140783,CY
M-JKU-091,Titi Ayam,JAKARTA UTARA,PENJARINGAN,106.794633,-6.1392,CY
M-JKU-089,HASIL SAWUNG/ H. SYAMSU,JAKARTA UTARA,PENJARINGAN,106.799967,-6.13585,CY
M-JKU-096,H. SUDARSONO,JAKARTA UTARA,PENJARINGAN,106.799867,-6.1361,CY
M-JKU-088,DARSONO,JAKARTA UTARA,PENJARINGAN,106.800033,-6.136117,CY
M-JKU-076,Zaenuddin,JAKARTA UTARA,CILINCING,106.94865,-6.110067,CY
M-JKU-078,MINAN,JAKARTA UTARA,CILINCING,106.948317,-6.110133,CY
M-JKU-080,MAIH MULYADI,JAKARTA UTARA,CILINCING,106.948167,-6.110167,CY
M-JKU-081,TPnU Jhonny Chandra,JAKARTA UTARA,CILINCING,106.9482,-6.11015,CY
M-JKU-072,,JAKARTA UTARA,CILINCING,106.948167,-6.110167,CY
M-JKU-070,DIDI JAHIDI BIN KEMEDI,JAKARTA UTARA,CILINCING,106.948383,-6.110083,CY
M-JKU-082,M. ZAKARIA,JAKARTA UTARA,CILINCING,106.947983,-6.110133,CY
M-JKU-069,,JAKARTA UTARA,CILINCING,106.94845,-6.110117,CY
M-JKU-077,RISKA BIN CARMAN,JAKARTA UTARA,CILINCING,106.948433,-6.110067,CY
M-JKU-075,ENDANG WARTAKA,JAKARTA UTARA,CILINCING,106.948433,-6.11015,CY
M-JKU-073,MOHAMAD ROFIQ,JAKARTA UTARA,CILINCING,106.948417,-6.1101,CY
M-JKU-074,Masripah,JAKARTA UTARA,CILINCING,106.9484,-6.110117,CY
M-JKU-071,,JAKARTA UTARA,CILINCING,106.9484,-6.110117,CY
M-JKU-087,Batara Jaya,JAKARTA UTARA,PADEMANGAN,106.846467,-6.130633,CY
M-JKU-084,Cira Jaya,JAKARTA UTARA,KOJA,106.913483,-6.119583,CY
M-JKU-086,CV . Cahaya Putra,JAKARTA UTARA,TANJUNG PRIOK,106.879167,-6.115583,CY
M-JKU-079,TPnU Heru,JAKARTA UTARA,CILINCING,106.947917,-6.110133,CY
M-JKU-110,Segar Baru,JAKARTA UTARA,KOJA,106.910233,-6.1189,CY
M-TGR-001,H. TOHA,KOTA TANGERANG,CIPONDOH,106.6735,-6.192567,CY
M-TGR-002,PT. MULTI PKP SUBUR,KOTA TANGERANG,CIPONDOH,106.684167,-6.17665,CY
M-TGR-003,BEBEK REZEKI,KOTA TANGERANG,CIPONDOH,106.680548,-6.185263,CY
M-TGR-005-CY,PASAR PORTAL (GONDRONG),KOTA TANGERANG,CIPONDOH,106.69415,-6.19795,CY
M-TGR-009-CY,PASAR KAMPUNG GUNUNG,KOTA TANGERANG,CIPONDOH,106.67865,-6.1859,CY
M-TGR-013,MASRIPTO,KOTA TANGERANG,TANGERANG,106.643367,-6.175383,CY
M-TGR-014,,KOTA TANGERANG,TANGERANG,106.6432,-6.174817,CY
M-TGR-016,TPNU HAJI SUKARDI,KOTA TANGERANG,TANGERANG,106.644083,-6.175267,CY
M-TGR-015,SUNARTO,KOTA TANGERANG,TANGERANG,106.643467,-6.175367,CY
M-TGR-018,,KOTA TANGERANG,TANGERANG,106.643483,-6.1762,CY
M-TGR-019,,KOTA TANGERANG,TANGERANG,106.644033,-6.1753,CY
M-TGR-020,,KOTA TANGERANG,TANGERANG,106.64395,-6.175317,CY
M-TGR-021,TPNU HAJI SUTADJI,KOTA TANGERANG,TANGERANG,106.643967,-6.175383,CY
M-TGR-023,KARTAWI,KOTA TANGERANG,TANGERANG,106.6434,-6.175833,CY
M-TGR-022,,KOTA TANGERANG,TANGERANG,106.643117,-6.17585,CY
M-TGR-025,TPNU HAJI MUJID,KOTA TANGERANG,PINANG,106.6423,-6.20845,CY
M-TGR-026,PANGKALAN PINANG RAYA,KOTA TANGERANG,PINANG,106.704733,-6.239,CY
M-TGR-032,LS MANDIRI,KOTA TANGERANG,KARAWACI,106.709683,-6.2456,CY
M-TGR-034,TPNU NURIDI,KOTA TANGERANG,KARAWACI,106.627317,-6.177733,CY
M-TGR-029,TPNU JONI,KOTA TANGERANG,KARAWACI,106.62655,-6.178967,CY
M-TGR-028,TPNU ZAENAL ABIDIN,KOTA TANGERANG,KARAWACI,106.626567,-6.178683,CY
M-TGR-030,OO,KOTA TANGERANG,KARAWACI,106.626617,-6.179017,CY
M-TGR-031,UDIN,KOTA TANGERANG,KARAWACI,106.6265,-6.179117,CY
M-TGR-033,HUSNI,KOTA TANGERANG,KARAWACI,106.6265,-6.179033,CY
M-TGR-035-CY,PASAR SUKAJADI,KOTA TANGERANG,KARAWACI,106.6265,-6.178833,CY
M-TGR-036,BASAN,KOTA TANGERANG,BENDA,106.688117,-6.1193,CY
M-TGR-037,ROJAK,KOTA TANGERANG,BENDA,106.667933,-6.139683,CY
M-TGR-038,MITRA ABADI,KOTA TANGERANG,JATIUWUNG,106.586717,-6.218333,CY
M-TGR-041,UMAR,KOTA TANGERANG,JATIUWUNG,106.5686,-6.176367,CY
M-TGR-044,H. MUDINI,KOTA TANGERANG,BATUCEPER,106.6794,-6.17305,CY
M-TGR-045,SUMBER REJEKI,KOTA TANGERANG,BATUCEPER,106.675733,-6.156083,CY
M-TGR-046,UCI SANUSI,KOTA TANGERANG,BATUCEPER,106.6507,-6.148667,CY
M-TGR-047,OTING,KOTA TANGERANG,CILEDUG,106.707383,-6.22515,CY
M-TGR-048,,KOTA TANGERANG,CILEDUG,107.2483549,-6.250873707,CY
M-TGR-051,JARA,KOTA TANGERANG,CILEDUG,106.70965,-6.245633,CY
M-TGR-050,DOA IBU,KOTA TANGERANG,CILEDUG,106.70485,-6.238967,CY
M-TGR-049,OUTLET CILEDUG,KOTA TANGERANG,CILEDUG,106.70565,-6.238933,CY
M-TGR-052,TPNU BAPAK KOSIM,KOTA TANGERANG,CILEDUG,106.717517,-6.237633,CY
M-TGR-054,SIBURUNG UNGGAS,KOTA TANGERANG,PERIUK,106.611317,-6.153117,CY
M-TGR-055,UMAR,KOTA TANGERANG,PERIUK,106.592983,-6.149633,CY
M-TGR-061,TPNU BAPAK GIGIH,KOTA TANGERANG,NEGLASARI,106.6312,-6.155533,CY
M-TGR-062,YAN KIE,KOTA TANGERANG,NEGLASARI,106.622767,-6.141267,CY
M-TGR-063,H.HOSYIM,KOTA TANGERANG,NEGLASARI,106.633333,-6.130117,CY
M-TGR-064,UD SUBUR,KOTA TANGERANG,NEGLASARI,106.628717,-6.155717,CY
M-TGR-075,TPNU NAHRAWI,KOTA TANGERANG,BATUCEPER,107.2483549,-6.250873707,CY
M-TGR-079,H. MADI,KOTA TANGERANG,BATUCEPER,106.66325,-6.153233,CY
M-TGR-078,SAMSUDIN,KOTA TANGERANG,BATUCEPER,106.663367,-6.153483,CY
M-TGR-077,SANWANI,KOTA TANGERANG,BATUCEPER,106.663467,-6.153533,CY
M-TGR-074,TPNU HAJI NASHRI,KOTA TANGERANG,BATUCEPER,106.6645,-6.153783,CY
M-TGR-076,TPNU SAHRONI,KOTA TANGERANG,BATUCEPER,106.6638,-6.153483,CY
M-TGR-080,H. ROKHIM,KOTA TANGERANG,TANGERANG,106.643183,-6.174117,CY
M-TGR-081,M. ALI,KOTA TANGERANG,TANGERANG,106.643417,-6.175733,CY
M-TGR-082,NITA JAYA,KOTA TANGERANG,TANGERANG,106.642917,-6.1762,CY
M-TGR-083,,KOTA TANGERANG,KARAWACI,106.608133,-6.1853,CY
M-TGR-084,H. MUKRI,KOTA TANGERANG,KARAWACI,106.6265,-6.178717,CY
M-TGR-085,TPNU WIYARSO,KOTA TANGERANG,PERIUK,106.59005,-6.183483,CY
M-TGR-087,,KOTA TANGERANG,PERIUK,106.6423,-6.20845,CY
M-TGR-086,HARI,KOTA TANGERANG,PERIUK,106.595283,-6.164983,CY
M-TGR-088,MARGONO,KOTA TANGERANG,JATIUWUNG,106.579217,-6.204567,CY
M-TGR-089,ARIS AWALUDIN,KOTA TANGERANG,JATIUWUNG,106.568867,-6.176167,CY
M-TGR-090,DENNY MEAT SHOP,KOTA TANGERANG,CIBODAS,106.6076,-6.211867,CY
M-TGR-091,ERI,KOTA TANGERANG,CIBODAS,107.2483549,-6.250873707,CY
M-TGR-092,UDIN (HASANUDIN),KOTA TANGERANG,CIBODAS,106.605483,-6.197067,CY
M-TGR-093,SUMBER REZEKY,KOTA TANGERANG,NEGLASARI,106.621883,-6.147983,CY
M-TGR-094,UD. SURYADHARMA,KOTA TANGERANG,NEGLASARI,106.62305,-6.152583,CY
M-TGR-095,ULYA JAYA,KOTA TANGERANG,NEGLASARI,106.624967,-6.1331,CY
M-TGR-096,SUMBER REZEKY,KOTA TANGERANG,NEGLASARI,106.633217,-6.13015,CY
M-TGR-097,KIMSIONG,KOTA TANGERANG,NEGLASARI,106.636167,-6.159617,CY
M-TGR-098,TPNU BAPAK JAJANG,KOTA TANGERANG,NEGLASARI,106.633183,-6.1653,CY
M-TGR-099,PANGKALAN NUEL,KOTA TANGERANG,NEGLASARI,106.62995,-6.140933,CY
M-TGR-100,PAK PUR,KOTA TANGERANG,CIPONDOH,106.654967,-6.196533,CY
M-TGR-101,H. MUHAMAD,KOTA TANGERANG,CIPONDOH,107.2483549,-6.250873707,CY
M-TGR-103,,KOTA TANGERANG,KARANG TENGAH,106.6911,-6.202617,CY
M-TGR-104,TPNU MUASIN,KOTA TANGERANG,PINANG,106.686367,-6.224783,CY
M-TGR-106,H.BUANG,KOTA TANGERANG,PINANG,106.657883,-6.20435,CY
M-TGR-107,TABRANI,KOTA TANGERANG,PINANG,106.66365,-6.20405,CY
M-TGR-108,TPNU HAJI YAKUB,KOTA TANGERANG,PINANG,106.664617,-6.210367,CY
M-TGR-109,TPNU BAPAK LUKMAN,KOTA TANGERANG,PINANG,106.679467,-6.2218,CY
M-TGR-113,NURIYANTO,KOTA TANGERANG,TANGERANG,106.642667,-6.175117,CY
M-TGR-118,M. HARYONO,KOTA TANGERANG,TANGERANG,106.6434,-6.175367,CY
M-TGR-117,SUTINGGAL,KOTA TANGERANG,TANGERANG,106.6436,-6.1754,CY
M-TGR-120,,KOTA TANGERANG,TANGERANG,106.642983,-6.175817,CY
M-TGR-116,WIWIK PRIYONO,KOTA TANGERANG,TANGERANG,106.6432,-6.175383,CY
M-TGR-115,AKROM,KOTA TANGERANG,TANGERANG,106.643017,-6.175367,CY
M-TGR-110,JATI WALUYO,KOTA TANGERANG,TANGERANG,106.643683,-6.17545,CY
M-TGR-121,H. RUSLAN,KOTA TANGERANG,TANGERANG,106.644317,-6.175267,CY
M-TGR-112,BAGUS LESTARI,KOTA TANGERANG,TANGERANG,106.6426,-6.175583,CY
M-TGR-119,JUHARI,KOTA TANGERANG,TANGERANG,106.6422,-6.175,CY
M-TGR-111,H. ROKIN,KOTA TANGERANG,TANGERANG,107.2483549,-6.250873707,CY
M-TGR-122,TPNU BAPAK SALIMI,KOTA TANGERANG,PINANG,106.686367,-6.224783,CY
M-TGR-123,WIYARSI,KOTA TANGERANG,CILEDUG,106.704033,-6.235433,CY
M-TGR-124,SIMPANG JAYA TIGA,KOTA TANGERANG,BATUCEPER,106.669833,-6.181317,CY
M-TGR-125,,KOTA TANGERANG,BATUCEPER,106.660867,-6.1734,CY
M-TGR-126,H. NUR,KOTA TANGERANG,BATUCEPER,106.662717,-6.155533,CY
M-TGR-127,DODY,KOTA TANGERANG,CIBODAS,107.2483549,-6.250873707,CY
M-TGR-129,SYAFII,KOTA TANGERANG,TANGERANG,106.642933,-6.175067,CY
M-TGR-132,KIRAN,KOTA TANGERANG,CIPONDOH,106.686183,-6.181617,CY
M-TGR-133,H.MAMUN,KOTA TANGERANG,CIPONDOH,106.684033,-6.176533,CY
M-TGR-134,H.SATIRI,KOTA TANGERANG,CIPONDOH,106.68425,-6.176383,CY
M-TGR-135,TPNU BAPAK KOMAR,KOTA TANGERANG,KARAWACI,106.626533,-6.1789,CY
M-TGR-136,TPNU BAPAK EMAD,KOTA TANGERANG,KARAWACI,106.626533,-6.179033,CY
D-BKS-025,ABDUL ROZAK,BEKASI,TARUMAJAYA,107.019767,-6.1091,CY
D-BGR-074,ABIDIN,BOGOR,SUKAMAKMUR,107.023967,-6.593617,CY
M-BKS-093,Jaya Abadi,KOTA BEKASI,BEKASI TIMUR,107.01445,-6.245983,CY
D-BGR-258,BAPAK HADI,BOGOR,CILEUNGSI,107.029983,-6.4132,CY
D-BKS-010,MAMAT,BEKASI,BABELAN,107.04455,-6.1616,CY
D-BGR-239,H.MARGO SUWITO (H.NASLIM),BOGOR,JONGGOL,107.058233,-6.4602,CY
D-BGR-302,MIMIH SURYADI (AMIH),BOGOR,JONGGOL,107.061967,-6.469717,CY
D-TGR-054,H HASIM B,TANGERANG,KOSAMBI,106.642117,-6.112267,CY
M-TGR-102,,KOTA TANGERANG,CILEDUG,106.704617,-6.239033,CY
D-BGR-257,Pak H Usman,BOGOR,LEUWILIANG,106.641217,-6.615983,CY
D-BGR-301,ABAS,BOGOR,JONGGOL,107.056083,-6.473583,CY
M-TGR-131,IMAS,KOTA TANGERANG,CIPONDOH,107.2483549,-6.250873707,CY
D-BKS-021,BANGKIT JAYA ABADI  / H. ASEP,BEKASI,TAMBUN SELATAN,107.056017,-6.2797,CY
D-BKS-055,DAMADI / UD BAGUS PUTRA,BEKASI,CIKARANG SELATAN,107.120983,-6.338067,CY
D-BGR-079,BAPAK ACE,BOGOR,SUKAMAKMUR,107.126267,-6.5148,CY
D-BGR-078,BAPAK SUMARNA,BOGOR,SUKAMAKMUR,107.126483,-6.517067,CY
D-BGR-056,HOTIB,BOGOR,CARIU,107.1348,-6.505333,CY
D-BKS-003,SUHADA,BEKASI,CIKARANG UTARA,107.143483,-6.254967,CY
D-BGR-057,NURDIN MULYADI,BOGOR,CARIU,107.134067,-6.505333,CY
D-BGR-070,NANO KARNO,BOGOR,TANJUNGSARI,107.1317,-6.505883,CY
D-BGR-214,DIDING,BOGOR,CIBUNGBULANG,106.6392,-6.574883,CY
D-TGR-019,MARYONO,KOTA TANGERANG SELATAN,CIPUTAT,107.2483549,-6.250873707,CY
M-BKS-043,MULYONO,KOTA BEKASI,BANTARGEBANG,106.991183,-6.313533,CY
D-BGR-171,WANDI,BOGOR,LEUWILIANG,106.641533,-6.609,CY
M-BKS-090,Setia Unggas,KOTA BEKASI,RAWALUMBU,107.007783,-6.271,CY
M-TGR-114,ALI SUPENO,KOTA TANGERANG,TANGERANG,106.642183,-6.175567,CY
M-BKS-087,Tri Sumber Rejeki,KOTA BEKASI,RAWALUMBU,107.0073,-6.27015,CY
M-BKS-073,PD. PUTRA MANDIRI,KOTA BEKASI,RAWALUMBU,107.00735,-6.26965,CY
D-BKS-027,TPnU Aman,BEKASI,TARUMAJAYA,107.007517,-6.134533,CY
M-BKS-070,Parjo,KOTA BEKASI,RAWALUMBU,107.007733,-6.270483,CY
M-BKS-066,TPnU Iskandar Kamayadi,KOTA BEKASI,BEKASI TIMUR,107.025917,-6.240983,CY
D-TGR-071,,KOTA TANGERANG SELATAN,SERPONG,107.2483549,-6.250873707,CY
M-BKS-092,PD. DUA PUTRI MANDIRI JAYA,KOTA BEKASI,BEKASI TIMUR,107.014367,-6.245933,CY
M-BKS-061,TPnU Kartimun,KOTA BEKASI,BEKASI TIMUR,107.012633,-6.253867,CY
M-BKS-063,Cirajaya,KOTA BEKASI,BEKASI TIMUR,107.019017,-6.243883,CY
M-BKS-064,JAWA UNGGAS,KOTA BEKASI,BEKASI TIMUR,107.021317,-6.24795,CY
D-BKS-033,Naor,BEKASI,TARUMAJAYA,107.025683,-6.109583,CY
M-BKS-068,TPnU Memet,KOTA BEKASI,BEKASI TIMUR,107.023717,-6.23505,CY
M-BKS-091,ROSSO MANDIRI,KOTA BEKASI,BEKASI TIMUR,107.014217,-6.245933,CY
D-BKS-006,DRH. JODI HARYOSENO,BEKASI,SETU,107.018083,-6.37035,CY
M-BKS-082,BOLO,KOTA BEKASI,MUSTIKAJAYA,107.028167,-6.3063,CY
M-BKS-060,Bekasi Unggas,KOTA BEKASI,BEKASI TIMUR,107.008333,-6.2483,CY
D-BKS-029,TPnU MARHAM,BEKASI,TARUMAJAYA,106.989617,-6.139017,CY
M-TGR-012,KAMIM HUDA,KOTA TANGERANG,TANGERANG,106.639133,-6.1755,CY
M-TGR-105,,KOTA TANGERANG,PINANG,106.6363,-6.209567,CY
D-BGR-052,MARTIN,BOGOR,JONGGOL,107.067217,-6.465933,CY
M-TGR-027,M.NAHROWI,KOTA TANGERANG,KARAWACI,107.2483549,-6.250873707,CY
D-BKS-073,PD BERKAH JAYA,BEKASI,TARUMAJAYA,107.016833,-6.110683,CY
D-TGR-251,,KOTA TANGERANG SELATAN,CIPUTAT,107.2483549,-6.250873707,CY
M-BKS-071,Syahrul,KOTA BEKASI,RAWALUMBU,107.007233,-6.2689,CY
M-BKS-056,M.MININ,KOTA BEKASI,BEKASI UTARA,107.00615,-6.233983,CY
M-BKS-052,ATO/MATO,KOTA BEKASI,BEKASI UTARA,107.006867,-6.23295,CY
D-BKS-071,NISA JAYA,BEKASI,BABELAN,107.044617,-6.17525,CY
D-BKS-009,AMSYARI,BEKASI,BABELAN,107.044717,-6.161533,CY
